{"type":"FeatureCollection","features":[{"type":"Feature","properties":{"zone":"FR"},"geometry":{"type":"MultiPolygon","coordinates":[[[[1.319413194131954,42.7137181273896],[0.657006570065732,42.838222333856976],[0.642606426064276,42.68509647073043],[-0.037800378003766,42.68509647073043],[-0.322203222032186,42.842515582355844],[-0.581405814058115,42.79528984886822],[-0.76140761407612,42.946984629161804],[-0.981009810098072,42.957002208992506],[-1.488614886148838,43.081506415459884],[-1.402214022140186,43.24321877558418],[-1.747817478174767,43.290444509071804],[-1.794617946179443,43.38632705888001],[-1.661416614166114,43.39920680437663],[-1.477814778147746,43.57952324132938],[-1.186211862118597,44.665715111544756],[-1.261812618126157,44.627075875054885],[-1.139411394113921,45.490018823328754],[-1.085410854108517,45.56872837914146],[-0.765007650076484,45.32544429753855],[-0.754207542075392,45.42418901301268],[-1.193411934119325,45.71040557960434],[-1.074610746107425,45.90503284488668],[-1.110611106111037,46.25851030462738],[-1.805418054180507,46.50322546906325],[-1.855818558185547,46.634885089695416],[-2.11862118621184,46.81949477514705],[-1.992619926199239,47.052761276919256],[-2.557825578255745,47.38334141133262],[-2.392223922239197,47.42341173065546],[-2.500225002250005,47.526449694628454],[-2.817028170281674,47.49925912080225],[-2.773827738277362,47.62948765860146],[-3.072630726307239,47.57653759378201],[-3.529835298352964,47.77975135606208],[-3.850238502384997,47.80121759855646],[-3.936639366393649,47.88851365136692],[-4.37224372243719,47.806941929888296],[-4.433444334443323,47.97580970417738],[-4.685446854468523,48.067399005486706],[-4.28944289442893,48.108900407642494],[-4.541445414454103,48.304958755757795],[-4.357843578435762,48.410858885396706],[-4.753847538475355,48.3421669094147],[-4.775447754477511,48.49099952404238],[-4.563045630456287,48.62981455883933],[-3.972639726397233,48.73285252281234],[-3.569435694356912,48.68848895499062],[-3.515435154351508,48.841614818117165],[-3.09063090630903,48.871667557609285],[-2.683826838268345,48.50960360087083],[-2.313023130231272,48.687057872157666],[-2.212222122221192,48.581157742518755],[-1.845018450184483,48.71281736315092],[-1.837818378183755,48.624090227507494],[-1.373413734137301,48.661298381164414],[-1.553415534155306,48.74716335114192],[-1.603816038160346,49.22514501735],[-1.819818198181963,49.396874957305],[-1.935019350193471,49.72459292605245],[-1.596615966159646,49.65160770157158],[-1.391413914139122,49.713144263388784],[-1.186211862118597,49.42978986246304],[-0.822608226082224,49.362528969314],[-0.412204122041203,49.34249380965258],[-0.217802178021742,49.27952616500241],[0.41220412204126,49.452687187790374],[0.106201062010655,49.49418858994616],[0.235802358023619,49.728886174551334],[0.675006750067524,49.876287706346034],[1.171811718117198,49.960721593490575],[1.542615426154299,50.27842198240732],[1.582215822158247,50.869459192419114],[1.974619746197476,51.00684314438311],[2.521825218252218,51.086983783028785],[2.59022590225905,50.84226861859291],[2.867428674286771,50.70059141813003],[3.022230222302255,50.76785231127907],[3.162631626316283,50.74924823445062],[3.270632706327092,50.52743039534208],[3.645036450364529,50.445858673863455],[3.663036630366321,50.319923384563126],[4.02304023040233,50.33852746139158],[4.203042030420335,50.25266249141407],[4.138241382413838,49.97503242182016],[4.433444334443379,49.932099936831406],[4.656646566465696,49.989343250149744],[4.872648726487284,50.139606947610375],[4.789847898478996,49.97360133898721],[4.948249482494845,49.796147067700375],[5.477454774547766,49.49561967277913],[5.790657906579099,49.537121074934916],[5.959859598596012,49.44123852512671],[6.345063450634541,49.45554935345629],[6.496264962649661,49.43551419379487],[6.701467014670158,49.17219495253053],[6.834668346683486,49.20940310618745],[7.266672666726691,49.10493405938149],[7.392673926739292,49.16933278686463],[7.648276482764857,49.0362420833995],[7.932679326793306,49.034811000566535],[8.199081990819934,48.958963610419744],[8.101881018810218,48.82157965845575],[7.810278102781041,48.615503730509744],[7.752677526775301,48.355046654911334],[7.572675726757296,48.09458957931291],[7.52587525875262,47.782613521727995],[7.587075870758724,47.58512409077976],[7.378273782737864,47.430567144820245],[7.011070110701127,47.49925912080225],[6.867068670686734,47.354719754673454],[7.043470434704375,47.34040892634388],[6.597065970659742,46.98693146660317],[6.442264422644257,46.94399898161441],[6.427864278642801,46.76082037899576],[6.132661326613288,46.596245853205545],[6.136261362613652,46.358686102934456],[5.959859598596012,46.13114393249408],[6.280262802628044,46.239906227798926],[6.215462154621576,46.31575361794572],[6.481864818648205,46.44884432141083],[6.76266762667629,46.42880916174943],[6.852668526685278,46.12255743549633],[7.021870218702219,45.925068004548095],[6.780667806678082,45.77766647275338],[7.075870758707623,45.46569041516847],[7.108271082710843,45.259614487222464],[6.845468454684578,45.13081703225622],[6.604266042660441,45.103626458430014],[6.726667266672678,44.9290343528091],[7.007470074700763,44.82170314033722],[7.018270182701855,44.73870033602563],[7.050670506705103,44.69719893386984],[6.942669426694295,44.66714619437772],[6.874268742687462,44.35803230245871],[6.895868958689618,44.33942822563026],[7.3818738187382,44.12333471785355],[7.677076770767741,44.10902388952397],[7.712113448105333,44.068518081482765],[7.479074790747944,43.865739807921045],[7.50645211457458,43.777297680282764],[7.438599908873129,43.749355708554916],[7.438540247878056,43.74947884665393],[7.438512601273054,43.75041748028969],[7.43870612750805,43.75125624682883],[7.437904375963073,43.751755507045054],[7.436936744788103,43.75193523970334],[7.436798511763106,43.75155580345835],[7.437600263308081,43.751216305831626],[7.435941467008131,43.749938179846794],[7.435112068858156,43.749938179846794],[7.432319761753239,43.74923919315392],[7.431905062678251,43.74885973981646],[7.431407423788264,43.748919653661254],[7.430688612058286,43.748759883275184],[7.430439792613292,43.748220655073645],[7.42988686051331,43.74806088282174],[7.429306281808327,43.746802661434664],[7.428808642918342,43.746523053090236],[7.428692459302283,43.74558300890328],[7.428651028265763,43.74537460286035],[7.428089831188363,43.74450583990613],[7.428034537978364,43.74380678977485],[7.427011613593394,43.7431676510828],[7.426182215443418,43.74218895673658],[7.425297524083445,43.74139001071507],[7.424993411428455,43.74154980077232],[7.424468125933471,43.7408706900837],[7.422975209263512,43.74166964303539],[7.421869345063545,43.741010507619905],[7.421731112038549,43.74059105403177],[7.420680541048584,43.73973216370594],[7.414874753998753,43.73623655271327],[7.412358912943827,43.73431887371724],[7.412773612018817,43.733979278328],[7.412690672203817,43.73334003472401],[7.413077724673805,43.732960480605634],[7.412773612018817,43.73166198779868],[7.412193033313834,43.73166198779868],[7.411142462323863,43.73142226297115],[7.409981304913896,43.73070308273123],[7.408986027133928,43.729544385291064],[7.412858278794284,43.72759778156157],[7.415627833802703,43.72620550993739],[7.405834314164006,43.71961962313071],[7.367473674736772,43.722631524625214],[7.151471514715183,43.655370631476174],[7.140671406714091,43.55376375033613],[6.730267302673042,43.40779330137438],[6.597065970659742,43.28472017773997],[6.679866798668002,43.20171737342838],[5.855458554585567,43.044298261802965],[5.635856358563615,43.18740654509881],[5.347853478534802,43.216028201757965],[5.293852938529398,43.35484323655493],[5.063450634506381,43.327652662728724],[4.930249302493053,43.440708206532435],[4.81864818648188,43.34625673955718],[4.566645666456679,43.37058514771746],[4.512645126451304,43.45645011769497],[4.206642066420699,43.45931228336089],[3.940239402394042,43.53229750784176],[3.3858338583386,43.283289094907005],[3.112231122311243,43.105834823620185],[3.040230402304047,42.942691380662936],[3.051030510305139,42.55486793293122],[3.180631806318075,42.431794809296804],[2.932229322293239,42.470434045786675],[2.46422464224645,42.34020550798748],[2.277022770227717,42.42893264363089],[2.050220502205036,42.351654170651145],[1.708217082170847,42.503348950944726],[1.722617226172275,42.60924908058364],[1.431014310143127,42.59493825225405],[1.319413194131954,42.7137181273896]]],[[[-1.207812078120753,45.813443543577336],[-1.40581405814055,46.05386545951434],[-1.218612186121845,45.94367208137655],[-1.207812078120753,45.813443543577336]]]]}},{"type":"Feature","properties":{"zone":"CH"},"geometry":{"type":"MultiPolygon","coordinates":[[[[9.606975348934219,47.0602610564542],[9.474840270001467,47.05662268643502],[9.530757016749972,47.266310486741915],[9.649896498965006,47.409100902325875],[9.549095490954926,47.535036191626205],[9.271892718927205,47.64952281826288],[8.904689046890496,47.6523849839288],[8.602286022860255,47.79406218439166],[8.389883898839003,47.66526472942542],[8.44748447484477,47.58369300794679],[7.587075870758724,47.58512409077976],[7.378273782737864,47.430567144820245],[7.011070110701127,47.49925912080225],[6.867068670686734,47.354719754673454],[7.043470434704375,47.34040892634388],[6.597065970659742,46.98693146660317],[6.442264422644257,46.94399898161441],[6.427864278642801,46.76082037899576],[6.132661326613288,46.596245853205545],[6.136261362613652,46.358686102934456],[5.959859598596012,46.13114393249408],[6.280262802628044,46.239906227798926],[6.215462154621576,46.31575361794572],[6.481864818648205,46.44884432141083],[6.76266762667629,46.42880916174943],[6.852668526685278,46.12255743549633],[7.021870218702219,45.925068004548095],[7.183871838718403,45.880704436726376],[7.540275402754048,45.983742400699384],[7.849878498785017,45.939378832877665],[8.109081090810946,46.126850683995215],[8.073080730807334,46.25421705612851],[8.440284402844043,46.43453349308125],[8.425884258842615,46.25135489046259],[8.8326883268833,46.06674520501096],[8.901089010890132,45.82632328907397],[8.94068940689408,45.83490978607172],[9.171091710917125,46.18266291448059],[9.248306319846332,46.237947943677234],[9.264692646926505,46.4846213922348],[9.437494374943782,46.491776806399585],[9.559895598956018,46.29285629261838],[9.96309963099634,46.35582393726854],[10.157501575015772,46.26280355312626],[10.042300423004264,46.433102410248296],[10.102089727537576,46.610167984952234],[10.452168902445813,46.532541222232204],[10.475965739913786,46.55674139592845],[10.369903699037025,46.672093243352336],[10.452704527045285,46.863858342968754],[10.36630366303666,46.99551796360092],[10.110701107011096,46.84668534897325],[9.858698586985895,47.015553123262336],[9.606975348934219,47.0602610564542]]]]}},{"type":"Feature","properties":{"zone":"AT"},"geometry":{"type":"MultiPolygon","coordinates":[[[[16.94356943569437,48.604055067846076],[16.871568715687175,48.71854169448275],[16.435964359643606,48.79438908462954],[16.35676356763571,48.7271281914805],[16.032760327603285,48.758612013805575],[15.262352623526255,48.983292018580045],[14.98154981549817,49.00762042674033],[14.920349203492066,48.76147417947149],[14.801548015480165,48.77721609063404],[14.69714697146975,48.589744239516506],[14.459544595445976,48.64269430433596],[14.315543155431584,48.55826041719142],[14.074340743407447,48.59117532234946],[13.815138151381547,48.765767427970374],[13.717937179371802,48.5210522635345],[13.519935199352005,48.58401990818467],[13.404734047340497,48.3765128974057],[13.033930339303424,48.26345735360199],[12.745927459274611,48.12034907030616],[12.990729907299084,47.84701224921112],[13.037530375303788,47.49353478947042],[12.77832778327786,47.55507135128762],[12.760327603276068,47.66669581225838],[12.497524975249775,47.62948765860146],[12.177121771217742,47.70533504874825],[12.16632166321665,47.60372816760821],[11.619116191161936,47.589417339278626],[11.259112591125927,47.400514405328124],[10.978309783097842,47.39049682549742],[10.791107911079138,47.51643211479775],[10.413104131041337,47.57367542811609],[10.452704527045285,47.439153641817995],[10.305103051030528,47.301769689854],[9.75429754297545,47.58226192511384],[9.549095490954926,47.535036191626205],[9.649896498965006,47.409100902325875],[9.530757016749972,47.266310486741915],[9.622084772297283,47.13995534344932],[9.606975348934219,47.0602610564542],[9.858698586985895,47.015553123262336],[10.110701107011096,46.84668534897325],[10.36630366303666,46.99551796360092],[10.452704527045285,46.863858342968754],[10.996309963099662,46.769406875993496],[11.093510935109379,46.91251515928934],[11.313113131131331,46.98693146660317],[11.745117451174536,46.97262063827358],[12.212782245157838,47.09019132836457],[12.112321123211245,46.992655797935],[12.447124471244734,46.679248657517135],[13.23130262669785,46.55916788157875],[13.714257337635512,46.520236801919566],[14.405544055440572,46.43882674158013],[14.5387453874539,46.378721262595874],[14.851948519485205,46.60053910170441],[15.060750607506094,46.649195918025],[15.463954639546415,46.614849930034],[15.636756367563692,46.717887894007006],[16.014760147601493,46.693559485846706],[16.093960939609417,46.86242726013579],[16.27396273962742,47.00410446059867],[16.486364863648646,46.998380129266835],[16.425164251642542,47.350426506174585],[16.64116641166413,47.45346447014758],[16.630366303663067,47.62233224443666],[16.40716407164075,47.66097148092655],[16.60876608766091,47.751129699402924],[16.795967959679615,47.67528230925613],[17.0767707677077,47.70819721441417],[17.004770047700504,47.86275416037367],[17.148771487714896,48.0058624436695],[16.84276842768429,48.365064234742036],[16.94356943569437,48.604055067846076]]]]}},{"type":"Feature","properties":{"zone":"CZ"},"geometry":{"type":"MultiPolygon","coordinates":[[[[16.94356943569437,48.604055067846076],[17.166771667716688,48.86021889494562],[17.533975339753425,48.812993161457996],[18.07398073980741,49.04769074606317],[18.189181891818947,49.27666399933649],[18.5347853478535,49.48130884444954],[18.833588335883377,49.5099305011087],[18.772387723877273,49.675936109731865],[18.63558635586358,49.700264517892165],[18.55998559985602,49.90777152867112],[18.037980379803827,50.0079473269782],[17.83997839978403,49.97360133898721],[17.58797587975883,50.16393535577066],[17.60597605976062,50.258386822745905],[17.33597335973363,50.26983548540957],[17.17757177571778,50.38145994638033],[16.864368643686447,50.42296134853612],[16.96156961569619,50.23262733175267],[16.702367023670263,50.095243379788656],[16.335163351633526,50.371442366549616],[16.191161911619133,50.42439243136907],[16.38196381963823,50.51455064984545],[16.33156331563319,50.64334810481171],[16.08676086760869,50.646210270477624],[15.44235442354426,50.80076721643712],[15.269552695526983,50.952461996730705],[14.959949599496014,50.99253231605354],[14.98154981549817,50.85944161258841],[14.808748087480893,50.85801052975545],[14.61434614346146,50.84513078425883],[14.491944919449224,51.01686072421383],[14.2867428674287,51.036895883875246],[14.347943479434804,50.88090785508278],[13.602736027360294,50.7120400807937],[13.44793447934481,50.59755345415704],[12.511925119251202,50.38861536054512],[12.285122851228522,50.16250427293771],[12.076320763207661,50.31563013606424],[12.245522455224574,50.04515548063512],[12.522725227252295,49.9049093630052],[12.382323823238266,49.74319700288092],[12.796327963279651,49.328182981322996],[13.001530015300176,49.29526807616496],[13.177931779317817,49.117813804878125],[13.483934839348422,48.937497367925374],[13.609936099361022,48.946083864923125],[13.815138151381547,48.765767427970374],[14.074340743407447,48.59117532234946],[14.315543155431584,48.55826041719142],[14.459544595445976,48.64269430433596],[14.69714697146975,48.589744239516506],[14.801548015480165,48.77721609063404],[14.920349203492066,48.76147417947149],[14.98154981549817,49.00762042674033],[15.262352623526255,48.983292018580045],[16.032760327603285,48.758612013805575],[16.35676356763571,48.7271281914805],[16.435964359643606,48.79438908462954],[16.871568715687175,48.71854169448275],[16.94356943569437,48.604055067846076]]]]}},{"type":"Feature","properties":{"zone":"PL"},"geometry":{"type":"MultiPolygon","coordinates":[[[[23.4848348483485,53.93913186911473],[23.430834308343094,54.16953620522102],[22.85842858428586,54.39850945849436],[22.768427684276872,54.355576973505606],[22.700027000270012,54.34269722800899],[21.25621158035888,54.33228446013542],[19.679596795967967,54.43714869498423],[19.611196111961135,54.45718385464565],[19.377193771937726,54.377043216],[19.00279002790029,54.345559393674904],[18.588785887858904,54.434286529318314],[18.570785707857112,54.55020423878794],[18.315183151831548,54.83785188821257],[17.886778867788706,54.823541059882984],[17.33597335973363,54.749124752569145],[16.939969399694007,54.606016469273314],[16.569165691656934,54.55735965295274],[16.13716137161373,54.28974716318953],[14.783547835478373,54.03501441892294],[14.365943659436624,53.91766562662036],[14.22549106695757,53.92824211054438],[14.205281176274102,53.9118364345778],[14.212414078868267,53.868801255593006],[14.310801725068332,53.82015468050149],[14.42226395778734,53.843768028011105],[14.439411993590264,53.85809820903846],[14.632346323463253,53.85183581630427],[14.606605342668772,53.771198959999175],[14.553732232276424,53.7543044252648],[14.547396659351534,53.66379020922321],[14.265142651426544,53.70014103601069],[14.409144091440936,53.27224726895615],[14.344343443434468,53.04899834701466],[14.124741247412487,52.85007783323344],[14.643146431464345,52.5767410121384],[14.5387453874539,52.4221840661789],[14.761947619476217,52.07729310343595],[14.585545855458577,51.803956282340906],[14.733147331473333,51.51630863291628],[14.945549455494586,51.44904773976724],[15.021150211502146,51.237247480489415],[14.808748087480893,50.85801052975545],[14.98154981549817,50.85944161258841],[14.959949599496014,50.99253231605354],[15.269552695526983,50.952461996730705],[15.44235442354426,50.80076721643712],[16.08676086760869,50.646210270477624],[16.33156331563319,50.64334810481171],[16.38196381963823,50.51455064984545],[16.191161911619133,50.42439243136907],[16.335163351633526,50.371442366549616],[16.702367023670263,50.095243379788656],[16.96156961569619,50.23262733175267],[16.864368643686447,50.42296134853612],[17.17757177571778,50.38145994638033],[17.33597335973363,50.26983548540957],[17.60597605976062,50.258386822745905],[17.58797587975883,50.16393535577066],[17.83997839978403,49.97360133898721],[18.037980379803827,50.0079473269782],[18.55998559985602,49.90777152867112],[18.63558635586358,49.700264517892165],[18.772387723877273,49.675936109731865],[18.833588335883377,49.5099305011087],[18.96318963189634,49.3897195431402],[19.17199171991723,49.402599288636836],[19.441994419944223,49.60151980241804],[19.62559625596259,49.40116820580387],[19.769597695976984,49.39258170880612],[19.747997479974828,49.206540940521535],[20.05040050400507,49.1736260353635],[20.306003060030633,49.386857377474286],[20.691206912069134,49.40116820580387],[20.943209432094335,49.29526807616496],[21.260012600126032,49.44982502212446],[21.81801818018181,49.37683979764358],[22.01242012420127,49.21083418902042],[22.538025380253828,49.072019154223455],[22.854828548285496,48.99330959841075],[22.70722707227074,49.16933278686463],[22.642426424264272,49.528534577937165],[23.103231032310333,49.95642834499171],[23.74763747637479,50.39004644337808],[23.98163981639817,50.40435727170767],[24.107641076410772,50.5403101408387],[23.970839708397108,50.82509562459741],[24.129241292412956,50.839406452926994],[23.91323913239134,51.00684314438311],[23.87363873638739,51.13564059934937],[23.632436324363255,51.338854361629444],[23.607236072360735,51.517739715749244],[23.56043560435606,51.75386838318737],[23.63603636036362,52.084448517600734],[23.164431644316466,52.289093362713785],[23.391233912339146,52.50948011898936],[23.870038700387028,52.66976139628069],[23.924039240392432,52.742746620761565],[23.895238952389548,53.152036310987654],[23.589235892358943,53.61141390036728],[23.4848348483485,53.93913186911473]]]]}},{"type":"Feature","properties":{"zone":"DK-DK1"},"geometry":{"type":"MultiPolygon","coordinates":[[[[9.437494374943782,54.810661314386365],[9.585095850958538,54.928010106688944],[9.747097470974722,54.8364208053796],[9.739897398974023,54.9809601715084],[9.495094950949522,55.159845525628185],[9.711097110971139,55.24857266127161],[9.498694986949886,55.4889945772086],[9.855098550985531,55.62637852917261],[9.675096750967526,55.70795025065124],[10.060300603006056,55.749451652807025],[9.891098910989143,55.83674770561748],[10.243902439024424,55.914026178597226],[10.218702187021904,56.14729268036943],[10.402304023040244,56.29755637783006],[10.531905319053209,56.10006694688181],[10.751507515075161,56.21598465635144],[10.963909639096414,56.44782007529069],[10.787507875078774,56.5365472109341],[10.359103591035932,56.562306701927355],[10.333903339033412,56.703983902390235],[10.193501935019384,56.69396632255952],[10.34110341103414,56.71686364788685],[10.26550265502658,56.907197664670306],[10.539105391053937,57.23634671625072],[10.546305463054665,57.43526723003194],[10.431104311043129,57.57122009916297],[10.596705967059705,57.75153653611572],[10.19710197101972,57.601272838655106],[9.966699666996703,57.59125525882439],[9.574295742957446,57.24350213041552],[9.412294122941262,57.164792574602814],[8.616686166861683,57.123291172447026],[8.242282422824246,56.77696912687111],[8.541085410854123,56.592359441419475],[8.483484834848383,56.78126237536998],[8.677886778867816,56.95299231532498],[9.113491134911385,57.05889244496389],[9.264692646926505,57.003080214478516],[9.786697866978699,57.10325601278561],[9.617496174961786,56.97445855781935],[9.437494374943782,57.0245464569729],[9.163891638916425,56.89431791917369],[9.32589325893261,56.66963791439923],[8.955089550895536,56.80272861786436],[8.742687426874284,56.63529192640823],[8.728287282872856,56.48359714611465],[8.566285662856643,56.579479695922856],[8.310683106831078,56.579479695922856],[8.177481774817778,56.67250008006515],[8.123481234812374,56.55228912209665],[8.105481054810582,56.12010210654323],[8.281882818828223,56.075738538721524],[8.386283862838638,55.892559936102856],[8.173881738817414,55.80097063479353],[8.09468094680949,55.56341088452244],[8.310683106831078,55.56197980168949],[8.616686166861683,55.43747559522211],[8.68868688686888,55.14124144879973],[8.469084690846927,55.17701851962369],[8.483484834848383,55.06825622431886],[8.68148681486818,55.13265495180198],[8.659886598866024,54.89652628436386],[8.825488254882572,54.90654386419456],[9.437494374943782,54.810661314386365]]],[[[8.825488254882572,56.74405422171306],[8.919089190891924,56.93009498999764],[8.649086490864931,56.89002467067482],[8.544685446854487,56.79127995520069],[8.649086490864931,56.6810865770629],[8.825488254882572,56.74405422171306]]],[[[11.143911439114419,57.33222926605893],[10.855908559085606,57.26496837290989],[11.028710287102882,57.20200072825973],[11.143911439114419,57.33222926605893]]],[[[10.009900099001015,54.975235840176566],[9.793897938979427,55.08113596981548],[9.815498154981583,54.90081953286273],[10.06390063900642,54.890801953032025],[10.009900099001015,54.975235840176566]]],[[[10.943623697142772,55.142605414700526],[10.639906399064017,54.8435762195444],[10.703890448545263,54.72973148656037],[10.943623697142772,55.142605414700526]]],[[[10.665106651066537,55.06396297581999],[10.816308163081658,55.214226673280606],[10.798307983079866,55.3587660394094],[10.294302943029464,55.616360949341896],[9.675096750967526,55.4961499913734],[9.883898838988415,55.34874845957869],[9.883898838988415,55.25286590977048],[10.204302043020448,55.09401571531211],[10.665106651066537,55.06396297581999]]]]}},{"type":"Feature","properties":{"zone":"DK-DK2"},"geometry":{"type":"MultiPolygon","coordinates":[[[[11.853118531185345,55.73227865881152],[11.662316623166248,55.90687076443244],[11.251912519125227,55.72941649314561],[10.96030960309605,55.72369216181377],[11.147511475114783,55.55768655319061],[11.205112051120523,55.39168094456744],[11.08631086310865,55.36592145357419],[11.262712627126291,55.19991584495102],[11.64791647916482,55.18131176812257],[11.8819188191882,54.975235840176566],[11.7487174871749,54.87362895903652],[11.91438168262066,54.73044204893247],[11.882419901940404,54.649842775912695],[11.931057394279922,54.57063314553119],[11.969967388151538,54.56229528970156],[11.961119611196125,54.69474360491674],[12.169921699217014,54.83785188821257],[11.95751957519576,54.94804526635036],[12.148321483214858,54.99383991700502],[12.184321843218441,55.22710641877724],[12.44128855423266,55.269251580508794],[12.44352443524437,55.34874845957869],[12.198721987219898,55.48756349437565],[12.360723607236082,55.60491228667823],[12.600121431992692,55.554002112145824],[12.689554961621594,55.591969176610924],[12.601926019260219,55.70795025065124],[12.578184905857302,55.82905240138188],[12.511925119251202,55.921181592762025],[12.623526235262375,56.04425471639644],[12.245522455224574,56.12868860354098],[11.863918639186409,55.97270057474853],[12.025920259202621,55.94121675242344],[12.076320763207661,55.779504392299145],[11.997119971199737,55.90257751593356],[11.853118531185345,55.73227865881152]]],[[[11.255512555125563,54.95520068051515],[11.089910899109015,54.94375201785148],[10.999909999100026,54.786332906226065],[11.475114751147544,54.62605162893473],[11.766717667176692,54.64608678859615],[11.85671856718568,54.74340042123731],[11.727117271172744,54.87362895903652],[11.593915939159416,54.810661314386365],[11.255512555125563,54.95520068051515]]],[[[12.537125371253723,55.00242641400277],[12.335523355233562,55.033910236327856],[12.130321303213066,54.9537695976822],[12.136964715018914,54.887191286883585],[12.227522275222782,54.89223303586499],[12.321196757256438,54.955826753599524],[12.534327943374356,54.946795771136905],[12.537125371253723,55.00242641400277]]],[[[15.15075150751511,55.13265495180198],[14.761947619476217,55.308678140255864],[14.682746827468293,55.101171129476896],[15.071550715507186,54.9909777513391],[15.15075150751511,55.13265495180198]]]]}},{"type":"Feature","properties":{"zone":"NL"},"geometry":{"type":"MultiPolygon","coordinates":[[[[5.995859958599624,50.74924823445062],[6.064260642606456,50.908098428909],[5.920259202592064,51.02974046971045],[6.147061470614744,51.152813593344874],[6.064260642606456,51.23152314915758],[6.208262082620848,51.38751117795003],[6.10026100261004,51.64510608788254],[5.927459274592763,51.80681844800682],[6.12546125461256,51.8969766664832],[6.381063810638125,51.82828469050119],[6.809468094680966,51.95994431113337],[6.676266762667638,52.034360618447195],[7.025470254702583,52.230418966562496],[6.975069750697543,52.45080572283807],[6.694266942669458,52.47513413099837],[6.769867698677018,52.641139739621536],[7.036270362703647,52.64686407095337],[7.183871838718403,52.96599554270307],[7.194671946719495,53.245056695129946],[6.730267302673042,53.46115020290665],[5.981459814598168,53.40676905525423],[5.592655926559303,53.302300008448285],[5.38025380253805,53.09765516333523],[5.35985076467978,52.87443734777807],[5.599892299355462,52.772066693284025],[5.581065512322075,52.60262560998355],[5.129222623520792,52.38729423328918],[5.051562127008071,52.56614871010636],[5.312783797096313,52.69911289352965],[5.282190268167059,52.75323990625064],[5.150402758933351,52.74500318692353],[5.033912014164271,52.94033110239492],[4.912249122491261,52.90589006371883],[4.746647466474684,52.967426625536035],[4.50904509045094,52.33631909620141],[3.961839618396198,51.84688876732966],[4.177841778417815,51.68517640720536],[3.987039870398718,51.59072494023012],[4.239042390423919,51.519170798582195],[4.127441274412774,51.44189232560245],[3.828638286382898,51.61219118272449],[3.457834578345796,51.55494786940616],[3.537035370353721,51.459065319597954],[3.828638286382898,51.39037334361595],[3.943839438394406,51.4504788226002],[4.260642606426103,51.36890710112158],[4.48384483844842,51.47480723076049],[4.764647646476476,51.49627347325486],[4.908649086490897,51.391804426448914],[5.013050130501341,51.47480723076049],[5.214652146521502,51.258713722983785],[5.470254702547038,51.288766462475905],[5.830258302583047,51.15710684184374],[5.657456574565771,50.80792263060191],[5.733057330573331,50.75926581428132],[5.995859958599624,50.74924823445062]]],[[[4.221042210422127,51.36747601828861],[3.983439834398382,51.41040850327737],[3.857438574385782,51.34600977579424],[3.540635406354085,51.4161328346092],[3.349833498335016,51.37463143245341],[3.393033930339328,51.24726506032012],[3.634236342363437,51.287335379642954],[3.925839258392614,51.20576365816433],[4.221042210422127,51.36747601828861]]],[[[4.037440374403758,51.68517640720536],[3.688236882368841,51.7252467265282],[3.976239762397654,51.623639845388155],[4.037440374403758,51.68517640720536]]]]}},{"type":"Feature","properties":{"zone":"BE"},"geometry":{"type":"MultiPolygon","coordinates":[[[[2.521825218252218,51.086983783028785],[2.59022590225905,50.84226861859291],[2.867428674286771,50.70059141813003],[3.022230222302255,50.76785231127907],[3.162631626316283,50.74924823445062],[3.270632706327092,50.52743039534208],[3.645036450364529,50.445858673863455],[3.663036630366321,50.319923384563126],[4.02304023040233,50.33852746139158],[4.203042030420335,50.25266249141407],[4.138241382413838,49.97503242182016],[4.433444334443379,49.932099936831406],[4.656646566465696,49.989343250149744],[4.872648726487284,50.139606947610375],[4.789847898478996,49.97360133898721],[4.948249482494845,49.796147067700375],[5.477454774547766,49.49561967277913],[5.790657906579099,49.537121074934916],[5.884258842588451,49.64302120457383],[5.715057150571539,49.88201203767787],[5.99945999459996,50.17538401843433],[6.11826118261186,50.12100287078191],[6.373863738637425,50.31563013606424],[6.337863378633813,50.48163574468741],[5.995859958599624,50.74924823445062],[5.733057330573331,50.75926581428132],[5.657456574565771,50.80792263060191],[5.830258302583047,51.15710684184374],[5.470254702547038,51.288766462475905],[5.214652146521502,51.258713722983785],[5.013050130501341,51.47480723076049],[4.908649086490897,51.391804426448914],[4.764647646476476,51.49627347325486],[4.48384483844842,51.47480723076049],[4.260642606426103,51.36890710112158],[4.221042210422127,51.36747601828861],[3.925839258392614,51.20576365816433],[3.634236342363437,51.287335379642954],[3.393033930339328,51.24726506032012],[3.349833498335016,51.37463143245341],[3.1266312663127,51.33026786463169],[2.521825218252218,51.086983783028785]]]]}},{"type":"Feature","properties":{"zone":"ES"},"geometry":{"type":"MultiPolygon","coordinates":[[[[1.431014310143127,42.59493825225405],[1.319413194131954,42.7137181273896],[0.657006570065732,42.838222333856976],[0.642606426064276,42.68509647073043],[-0.037800378003766,42.68509647073043],[-0.322203222032186,42.842515582355844],[-0.581405814058115,42.79528984886822],[-0.76140761407612,42.946984629161804],[-0.981009810098072,42.957002208992506],[-1.488614886148838,43.081506415459884],[-1.402214022140186,43.24321877558418],[-1.747817478174767,43.290444509071804],[-1.794617946179443,43.38632705888001],[-2.129421294212904,43.28758234340589],[-2.367023670236676,43.316204000065056],[-2.755827558275541,43.45072578636314],[-3.09063090630903,43.366291899218595],[-3.50103501035008,43.43069062670172],[-3.555035550355484,43.516555596679225],[-4.386643866438646,43.3834648932141],[-5.178651786517833,43.48936502285301],[-5.423454234542305,43.56091916450093],[-6.222662226622248,43.59526515249193],[-7.230672306723051,43.568074578665716],[-7.367473674736715,43.679699039636475],[-7.882278822788209,43.76270184394805],[-8.314283142831385,43.566643495832764],[-8.332283322833206,43.40636221854143],[-8.692286922869187,43.29330667473772],[-8.839888398883971,43.33910132539239],[-9.138691386913848,43.20171737342838],[-9.293492934929333,42.92265622100152],[-8.922689226892231,42.78813443470342],[-9.070290702906988,42.59636933508702],[-9.012690126901248,42.53053952477093],[-8.785887858878567,42.640732902908724],[-8.868688686886827,42.4146218153013],[-8.66348663486633,42.427501560797936],[-8.868688686886827,42.255771620842935],[-8.623886238862355,42.30156627149759],[-8.897488974889711,42.10121467488344],[-8.875259225556448,41.86941312236057],[-8.627486274862719,42.051126775729884],[-8.220682206822033,42.15416473970289],[-8.094680946809433,42.04110919589918],[-8.181081810818085,41.81070485979289],[-7.720277202771996,41.8994319954363],[-7.62307623076228,41.83217110228726],[-7.252272522725207,41.86365492461235],[-7.144271442714398,41.988159131079726],[-6.568265682656801,41.92662256926252],[-6.579065790657864,41.73915071814497],[-6.204662046620427,41.57028294385589],[-6.496264962649605,41.29551503992789],[-6.647466474664725,41.26832446610169],[-6.816668166681637,41.053662041157935],[-6.942669426694238,41.016453887501015],[-6.838268382683793,40.84043069904715],[-6.856268562685585,40.442589671484725],[-6.795067950679481,40.35672470150723],[-7.043470434704318,40.18070151305335],[-6.881468814688105,40.00897157309835],[-7.03627036270359,39.68984010134865],[-7.558275582755812,39.679822521517934],[-7.313473134731311,39.458004682409396],[-7.327873278732767,39.34065589010682],[-7.165871658716554,39.113113719666444],[-6.975069750697486,39.01436900419232],[-7.057870578705746,38.85551880973394],[-7.270272702726999,38.73817001743136],[-7.360273602735987,38.44622911950786],[-7.10467104671045,38.17289229841282],[-6.946269462694602,38.197220706573106],[-7.025470254702526,38.02262860095219],[-7.273872738727363,37.97683395029752],[-7.529475294752928,37.56754426007144],[-7.414274142741391,37.19260055783636],[-6.892268922689198,37.166841066843105],[-6.499864998649969,36.95933405606415],[-6.388263882638796,36.80763927577057],[-6.395463954639524,36.637340418648535],[-6.233462334623312,36.575803856831314],[-6.157861578615751,36.303898118569236],[-5.610656106561038,36.00623288931391],[-5.435566755503893,36.07256295422902],[-5.443357614328861,36.15006964899004],[-5.338010782916699,36.15567746511084],[-5.185851858518561,36.41122933104111],[-4.901449014490112,36.50711188084932],[-4.721447214472107,36.49280105251974],[-4.433444334443323,36.71032564312941],[-3.227432274322723,36.75468921095111],[-2.658626586265825,36.69458373196686],[-2.575825758257565,36.81193252426944],[-2.363423634236312,36.83626093242974],[-2.125821258212568,36.736085134122646],[-1.899018990189887,36.9507475590664],[-1.812618126181235,37.20691138616594],[-1.672216722167207,37.362899414958406],[-1.243812438124365,37.57899292273511],[-1.107011070110673,37.53176718924749],[-0.703807038070352,37.61906324205795],[-0.851408514085108,37.72353228886389],[-0.653406534065311,37.98971369579415],[-0.509405094050919,38.338897907035985],[-0.091800918009142,38.53495625515127],[0.228602286022891,38.733876768932475],[-0.009000090000882,38.86982963806352],[-0.210602106021042,39.07876773167544],[-0.322203222032186,39.516679078560685],[0.066600666006678,40.031868898425685],[0.351003510035127,40.28517055985931],[0.599405994059964,40.614319611439726],[0.847808478084801,40.67585617325693],[0.714607146071501,40.814671208053895],[0.991809918099221,41.03935121282835],[1.539015390153935,41.186752744623064],[2.061020610206128,41.27404879743352],[2.295022950229537,41.46581389704993],[2.932229322293239,41.711960144318766],[3.23463234632348,41.96526180575239],[3.123031230312336,42.13985391137331],[3.317433174331768,42.323032513991976],[3.180631806318075,42.431794809296804],[2.932229322293239,42.470434045786675],[2.46422464224645,42.34020550798748],[2.277022770227717,42.42893264363089],[2.050220502205036,42.351654170651145],[1.708217082170847,42.503348950944726],[1.510215102151051,42.42893264363089],[1.431014310143127,42.59493825225405]]]]}},{"type":"Feature","properties":{"zone":"IT-NO"},"geometry":{"type":"MultiPolygon","coordinates":[[[[10.452704527045285,46.863858342968754],[10.369903699037025,46.672093243352336],[10.475965739913786,46.55674139592845],[10.452168902445813,46.532541222232204],[10.102089727537576,46.610167984952234],[10.042300423004264,46.433102410248296],[10.157501575015772,46.26280355312626],[9.96309963099634,46.35582393726854],[9.559895598956018,46.29285629261838],[9.437494374943782,46.491776806399585],[9.264692646926505,46.4846213922348],[9.248306319846332,46.237947943677234],[9.171091710917125,46.18266291448059],[8.94068940689408,45.83490978607172],[8.901089010890132,45.82632328907397],[8.8326883268833,46.06674520501096],[8.425884258842615,46.25135489046259],[8.440284402844043,46.43453349308125],[8.073080730807334,46.25421705612851],[8.109081090810946,46.126850683995215],[7.849878498785017,45.939378832877665],[7.540275402754048,45.983742400699384],[7.183871838718403,45.880704436726376],[7.021870218702219,45.925068004548095],[6.780667806678082,45.77766647275338],[7.075870758707623,45.46569041516847],[7.108271082710843,45.259614487222464],[6.845468454684578,45.13081703225622],[6.604266042660441,45.103626458430014],[6.726667266672678,44.9290343528091],[7.007470074700763,44.82170314033722],[7.018270182701855,44.73870033602563],[7.050670506705103,44.69719893386984],[6.942669426694295,44.66714619437772],[6.874268742687462,44.35803230245871],[6.895868958689618,44.33942822563026],[7.3818738187382,44.12333471785355],[7.677076770767741,44.10902388952397],[7.712113448105333,44.068518081482765],[7.479074790747944,43.865739807921045],[7.50645211457458,43.777297680282764],[7.961479614796161,43.852860062424426],[8.130681306813102,43.940156115234885],[8.231482314823182,44.103299558192134],[8.63108631086314,44.38236071061901],[8.825488254882572,44.42815536127368],[9.232292322923257,44.35373905395984],[9.509495094950978,44.21492401916288],[9.819098190981947,44.0632292388693],[10.027900279002807,44.04891841053971],[9.689496894968983,44.35803230245871],[9.837098370983739,44.476812177594255],[10.135901359013616,44.342290391296174],[10.254702547025488,44.270736249648266],[10.470704707047105,44.224941598993595],[10.611106111061133,44.12619688351947],[11.046710467104703,44.09185089552847],[11.201512015120187,44.1047306410251],[11.392313923139255,44.23209701315838],[11.525515255152584,44.16197395434342],[11.719917199172016,44.1319212148513],[11.716317163171652,43.87861955341768],[12.101521015210182,43.75840859544918],[12.285122851228522,43.768426175279885],[12.421924219242214,43.89579254741318],[12.429124291242942,43.8914992989143],[12.461524615246162,43.89579254741318],[12.479524795247983,43.91725878990755],[12.483124831248347,43.92870745257122],[12.634326343263467,43.842842482593724],[12.75312753127534,43.97307102039292],[12.457924579245827,44.166267202842306],[12.385923859238602,44.22780376465951],[12.270722707227094,44.6299380407208],[12.29232292322925,44.84316938283159],[12.39312393123933,44.79308148367805],[12.533525335253387,44.970535754964885],[12.306723067230706,45.07786696743676],[12.321123211232134,45.16516302024722],[12.198721987219898,45.27392531555205],[12.148321483214858,45.2925293923805],[12.274322743227458,45.4642593323355],[12.508325083250867,45.573021627640344],[12.411124111241122,45.43563767567635],[13.095130951309528,45.65173118345305],[13.221132211322129,45.776235389920416],[13.42273422734229,45.724716407933926],[13.584735847358502,45.78625296975113],[13.710737107371102,45.59305678730176],[13.86831894441971,45.608537384351926],[13.917370775527884,45.632752845278745],[13.672422074614285,45.79543106996661],[13.595739781679358,45.80598652729368],[13.574939321652474,45.84293062793845],[13.63873069766639,45.978992666727876],[13.555301759130886,45.96806744858632],[13.474852425543082,46.003822707958676],[13.505535055350578,46.06531412217801],[13.617136171361722,46.12541960116225],[13.664829002225392,46.18072737149037],[13.568041501507716,46.183094502087705],[13.36513365133655,46.289994126952465],[13.714257337635512,46.520236801919566],[13.23130262669785,46.55916788157875],[12.447124471244734,46.679248657517135],[12.112321123211245,46.992655797935],[12.212782245157838,47.09019132836457],[11.745117451174536,46.97262063827358],[11.313113131131331,46.98693146660317],[11.093510935109379,46.91251515928934],[10.996309963099662,46.769406875993496],[10.452704527045285,46.863858342968754]]]]}},{"type":"Feature","properties":{"zone":"HU"},"geometry":{"type":"MultiPolygon","coordinates":[[[[16.093960939609417,46.86242726013579],[16.270362703627057,46.863858342968754],[16.51516515165153,46.5017943862303],[16.864368643686447,46.358686102934456],[16.97596975969762,46.20985348830679],[17.195571955719572,46.12112635266338],[17.346773467734693,45.955120744040215],[17.591575915759165,45.93651666721175],[17.868778687786886,45.7733732242545],[18.412384123841264,45.74332048476238],[18.67518675186753,45.91075717621851],[18.90198901989021,45.93079233587993],[19.06399063990642,46.01236405735855],[19.261992619926218,45.98088023503347],[19.54999549995503,46.164058837652135],[19.927999279992832,46.164058837652135],[20.241202412024137,46.10824660716675],[20.608406084060874,46.12971284966113],[20.83880838808389,46.271390050124],[21.13401134011343,46.2785454642888],[21.317613176131772,46.61628101286696],[21.504815048150505,46.72361222533884],[21.63441634416347,47.02270853742712],[21.771217712177133,47.11429783873646],[21.98721987219875,47.49353478947042],[22.260822608226107,47.715352628578955],[22.746827468274688,47.82554600671675],[22.876428764287652,47.94718804751821],[22.746827468274688,48.116055821807294],[22.59922599225993,48.10174499347771],[22.358023580235823,48.24342219394059],[22.27162271622717,48.40370347123192],[22.131221312213142,48.40513455406487],[21.72801728017282,48.34073582658175],[21.42561425614258,48.56112258285734],[21.10881108811091,48.489568441209414],[20.784807848078515,48.56970907985509],[20.482404824048274,48.526776594866334],[20.324003240032425,48.280630347597494],[19.884798847988492,48.12893556730391],[19.621996219962227,48.22768028277804],[19.48159481594817,48.11176257330841],[18.83718837188374,48.0402084316605],[18.815588155881585,47.83270142088155],[18.235982359823623,47.75399186506884],[17.825578255782574,47.74969861656996],[17.573575735757373,47.82983925521563],[17.339573395733964,47.998707029504715],[17.148771487714896,48.0058624436695],[17.004770047700504,47.86275416037367],[17.0767707677077,47.70819721441417],[16.795967959679615,47.67528230925613],[16.60876608766091,47.751129699402924],[16.40716407164075,47.66097148092655],[16.630366303663067,47.62233224443666],[16.64116641166413,47.45346447014758],[16.425164251642542,47.350426506174585],[16.486364863648646,46.998380129266835],[16.27396273962742,47.00410446059867],[16.093960939609417,46.86242726013579]]]]}},{"type":"Feature","properties":{"zone":"SI"},"geometry":{"type":"MultiPolygon","coordinates":[[[[13.714257337635512,46.520236801919566],[13.36513365133655,46.289994126952465],[13.568041501507716,46.183094502087705],[13.664829002225392,46.18072737149037],[13.617136171361722,46.12541960116225],[13.505535055350578,46.06531412217801],[13.474852425543082,46.003822707958676],[13.555301759130886,45.96806744858632],[13.63873069766639,45.978992666727876],[13.574939321652474,45.84293062793845],[13.595739781679358,45.80598652729368],[13.672422074614285,45.79543106996661],[13.917370775527884,45.632752845278745],[13.86831894441971,45.608537384351926],[13.710737107371102,45.59305678730176],[13.588335883358866,45.4885877404958],[13.890738907389107,45.42418901301268],[13.973539735397367,45.514347231489054],[14.373143731437324,45.477139077832135],[14.556745567455692,45.65602443195192],[14.668346683466865,45.53438239115046],[15.139951399514018,45.42991334434451],[15.363153631536335,45.481432326331],[15.25155251552519,45.707543413938424],[15.665556655566576,45.8320476204058],[15.661956619566212,46.215577819638625],[16.28116281162815,46.37585909692996],[16.234362343623445,46.49320788923255],[16.51516515165153,46.5017943862303],[16.270362703627057,46.863858342968754],[16.093960939609417,46.86242726013579],[16.014760147601493,46.693559485846706],[15.636756367563692,46.717887894007006],[15.463954639546415,46.614849930034],[15.060750607506094,46.649195918025],[14.851948519485205,46.60053910170441],[14.5387453874539,46.378721262595874],[14.405544055440572,46.43882674158013],[13.714257337635512,46.520236801919566]]]]}},{"type":"Feature","properties":{"zone":"SK"},"geometry":{"type":"MultiPolygon","coordinates":[[[[17.148771487714896,48.0058624436695],[17.339573395733964,47.998707029504715],[17.573575735757373,47.82983925521563],[17.825578255782574,47.74969861656996],[18.235982359823623,47.75399186506884],[18.815588155881585,47.83270142088155],[18.83718837188374,48.0402084316605],[19.48159481594817,48.11176257330841],[19.621996219962227,48.22768028277804],[19.884798847988492,48.12893556730391],[20.324003240032425,48.280630347597494],[20.482404824048274,48.526776594866334],[20.784807848078515,48.56970907985509],[21.10881108811091,48.489568441209414],[21.42561425614258,48.56112258285734],[21.72801728017282,48.34073582658175],[22.131221312213142,48.40513455406487],[22.1528215282153,48.58545099101762],[22.32202322023221,48.699937617654285],[22.538025380253828,49.072019154223455],[22.01242012420127,49.21083418902042],[21.81801818018181,49.37683979764358],[21.260012600126032,49.44982502212446],[20.943209432094335,49.29526807616496],[20.691206912069134,49.40116820580387],[20.306003060030633,49.386857377474286],[20.05040050400507,49.1736260353635],[19.747997479974828,49.206540940521535],[19.769597695976984,49.39258170880612],[19.62559625596259,49.40116820580387],[19.441994419944223,49.60151980241804],[19.17199171991723,49.402599288636836],[18.96318963189634,49.3897195431402],[18.833588335883377,49.5099305011087],[18.5347853478535,49.48130884444954],[18.189181891818947,49.27666399933649],[18.07398073980741,49.04769074606317],[17.533975339753425,48.812993161457996],[17.166771667716688,48.86021889494562],[16.94356943569437,48.604055067846076],[16.84276842768429,48.365064234742036],[17.148771487714896,48.0058624436695]]]]}},{"type":"Feature","properties":{"zone":"DE-LU"},"geometry":{"type":"MultiPolygon","coordinates":[[[[13.815138151381547,48.765767427970374],[13.609936099361022,48.946083864923125],[13.483934839348422,48.937497367925374],[13.177931779317817,49.117813804878125],[13.001530015300176,49.29526807616496],[12.796327963279651,49.328182981322996],[12.382323823238266,49.74319700288092],[12.522725227252295,49.9049093630052],[12.245522455224574,50.04515548063512],[12.076320763207661,50.31563013606424],[12.285122851228522,50.16250427293771],[12.511925119251202,50.38861536054512],[13.44793447934481,50.59755345415704],[13.602736027360294,50.7120400807937],[14.347943479434804,50.88090785508278],[14.2867428674287,51.036895883875246],[14.491944919449224,51.01686072421383],[14.61434614346146,50.84513078425883],[14.808748087480893,50.85801052975545],[15.021150211502146,51.237247480489415],[14.945549455494586,51.44904773976724],[14.733147331473333,51.51630863291628],[14.585545855458577,51.803956282340906],[14.761947619476217,52.07729310343595],[14.5387453874539,52.4221840661789],[14.643146431464345,52.5767410121384],[14.124741247412487,52.85007783323344],[14.344343443434468,53.04899834701466],[14.409144091440936,53.27224726895615],[14.265142651426544,53.70014103601069],[14.03071714028724,53.76106305483153],[13.894961856847427,53.80581150972316],[13.849233761372961,53.83786593914136],[14.064298710401303,53.8711596866978],[14.212414078868267,53.868801255593006],[14.205281176274102,53.9118364345778],[14.22549106695757,53.92824211054438],[13.815138151381547,54.173829453719904],[13.786690393343436,54.06485639180904],[13.69993699937001,54.153794294058486],[13.46593465934663,54.09798206357311],[13.113131131311349,54.279729583358815],[13.033930339303424,54.434286529318314],[12.875528755287576,54.36559455333632],[12.501125011250139,54.4729257658082],[12.34272342723429,54.304057991519116],[12.051120511205141,54.17955378505174],[11.658716587165884,54.14234563139482],[11.457114571145723,53.906216963956695],[11.176311763117667,54.01784142492744],[10.888308883088854,53.96346027727503],[10.751507515075161,54.04360091592069],[11.068310683106859,54.183847033550606],[11.079110791107922,54.34269722800899],[10.776707767077681,54.315506654182784],[10.02070020700208,54.54591099028907],[10.035100351003535,54.673277362422354],[9.581495814958174,54.86647354487174],[9.437494374943782,54.810661314386365],[8.825488254882572,54.90654386419456],[8.659886598866024,54.89652628436386],[8.68868688686888,54.73481392423956],[9.012690126901305,54.505840670966236],[8.627486274862775,54.38706079583069],[8.652686526865295,54.27543633485995],[8.839888398884,54.25540117519853],[8.8326883268833,54.03644550175591],[9.00909009090094,53.89190613562711],[9.212177067864124,53.85946286112186],[8.861488614886184,53.830369573809904],[8.573485734857371,53.85756014763611],[8.483484834848383,53.68296804201519],[8.566285662856643,53.54701517288416],[8.256682566825702,53.60425848620248],[8.166681666816686,53.55273950421599],[7.950679506795097,53.721607278505076],[7.227072270722743,53.66579504801969],[7.086670866708687,53.58708549220698],[7.021870218702219,53.37671631576211],[7.302673026730304,53.332352747940405],[7.194671946719495,53.245056695129946],[7.183871838718403,52.96599554270307],[7.036270362703647,52.64686407095337],[6.769867698677018,52.641139739621536],[6.694266942669458,52.47513413099837],[6.975069750697543,52.45080572283807],[7.025470254702583,52.230418966562496],[6.676266762667638,52.034360618447195],[6.809468094680966,51.95994431113337],[6.381063810638125,51.82828469050119],[6.12546125461256,51.8969766664832],[5.927459274592763,51.80681844800682],[6.10026100261004,51.64510608788254],[6.208262082620848,51.38751117795003],[6.064260642606456,51.23152314915758],[6.147061470614744,51.152813593344874],[5.920259202592064,51.02974046971045],[6.064260642606456,50.908098428909],[5.995859958599624,50.74924823445062],[6.337863378633813,50.48163574468741],[6.373863738637425,50.31563013606424],[6.11826118261186,50.12100287078191],[6.222662226622305,49.8877363690097],[6.499864998649997,49.79471598486741],[6.345063450634541,49.45554935345629],[6.496264962649661,49.43551419379487],[6.701467014670158,49.17219495253053],[6.834668346683486,49.20940310618745],[7.266672666726691,49.10493405938149],[7.392673926739292,49.16933278686463],[7.648276482764857,49.0362420833995],[7.932679326793306,49.034811000566535],[8.199081990819934,48.958963610419744],[8.101881018810218,48.82157965845575],[7.810278102781041,48.615503730509744],[7.752677526775301,48.355046654911334],[7.572675726757296,48.09458957931291],[7.52587525875262,47.782613521727995],[7.587075870758724,47.58512409077976],[8.44748447484477,47.58369300794679],[8.389883898839003,47.66526472942542],[8.602286022860255,47.79406218439166],[8.904689046890496,47.6523849839288],[9.271892718927205,47.64952281826288],[9.549095490954926,47.535036191626205],[9.75429754297545,47.58226192511384],[10.305103051030528,47.301769689854],[10.452704527045285,47.439153641817995],[10.413104131041337,47.57367542811609],[10.791107911079138,47.51643211479775],[10.978309783097842,47.39049682549742],[11.259112591125927,47.400514405328124],[11.619116191161936,47.589417339278626],[12.16632166321665,47.60372816760821],[12.177121771217742,47.70533504874825],[12.497524975249775,47.62948765860146],[12.760327603276068,47.66669581225838],[12.77832778327786,47.55507135128762],[13.037530375303788,47.49353478947042],[12.990729907299084,47.84701224921112],[12.745927459274611,48.12034907030616],[13.033930339303424,48.26345735360199],[13.404734047340497,48.3765128974057],[13.519935199352005,48.58401990818467],[13.717937179371802,48.5210522635345],[13.815138151381547,48.765767427970374]]],[[[13.69993699937001,54.392785127162526],[13.368733687336885,54.584550226778944],[13.167131671316724,54.54877315595499],[13.267932679326805,54.25683225803148],[13.69993699937001,54.392785127162526]]],[[[5.790657906579099,49.537121074934916],[5.959859598596012,49.44123852512671],[6.345063450634541,49.45554935345629],[6.499864998649997,49.79471598486741],[6.222662226622305,49.8877363690097],[6.11826118261186,50.12100287078191],[5.99945999459996,50.17538401843433],[5.715057150571539,49.88201203767787],[5.884258842588451,49.64302120457383],[5.790657906579099,49.537121074934916]]]]}},{"type":"Feature","properties":{"zone":"FI"},"geometry":{"type":"MultiPolygon","coordinates":[[[[28.929461408088272,69.05084435394387],[28.456484564845653,68.89967180486113],[28.802088020880234,68.83527307737799],[28.435252685108175,68.53853167727564],[28.648060277719612,68.19771951767989],[29.328510760196767,68.07406504233872],[29.657696299808443,67.8041054742031],[30.01930920153915,67.67290079304418],[29.92970600465013,67.5224954268376],[29.284062066665197,67.12583327212094],[29.083275805466293,67.00247687346378],[29.031721597940873,66.93335798608186],[29.05767489206943,66.85527162143181],[29.363693636936375,66.62711226612329],[29.689697441554518,66.28725135543888],[29.923305776300907,66.12404553253387],[30.092911827555128,65.82963502846994],[30.142513597261555,65.66962931973954],[29.721698583300594,65.63602812090615],[29.742499325435546,65.34801784519142],[29.608094530102008,65.24561419160396],[29.831698316983193,65.2046159301627],[29.8208982089821,65.09299146919196],[29.58689586895872,64.99138458805191],[29.781297812978153,64.79532623993663],[30.062100621006238,64.78387757727296],[30.144113654348853,64.63439238425381],[29.964899648996493,64.57923273215992],[30.033300333003353,64.3974852123742],[30.55890558905591,64.22003094108737],[30.50850508505087,63.99105768781405],[30.26571799298396,63.823163440990655],[29.97130748892002,63.75596104332389],[30.486904869048715,63.461557039619464],[30.79022708261685,63.40516203591586],[31.23660688971021,63.21596252134969],[31.250112501125017,63.11523499404355],[31.570515705157078,62.90629690043163],[31.242912429124317,62.502731541537386],[30.67629577760209,62.2002121646387],[29.288092880928815,61.31636387301492],[28.79848798487987,61.0974081995723],[28.654382340332823,60.94998595809998],[28.519304548023406,60.94958138226707],[28.278151734553724,60.815240837001106],[27.867410452800012,60.60050274352896],[27.80847808478086,60.55359672304813],[27.455674556745578,60.463438504571755],[27.178471784717857,60.567907551377715],[26.68886688866891,60.4176438539171],[26.32526325263254,60.383297865926096],[26.012060120601234,60.462007421738804],[25.929259292592945,60.24448283112913],[25.734857348573513,60.24734499679505],[25.670056700567017,60.36469378909764],[25.50445504455047,60.2459139139621],[24.597245972459746,60.127134038826554],[24.46764467644678,59.99690550102734],[24.3668436684367,60.0741839740071],[23.77283772837731,59.96828384436817],[23.430834308343094,59.95683518170452],[23.25083250832509,59.84091747223489],[22.905229052290537,59.81086473274276],[23.247232472324754,59.92248919371352],[23.258032580325818,60.039837986016096],[22.995229952299553,60.06273531134343],[22.876428764287652,60.30172614444747],[22.52362523625237,60.20441251180631],[22.628026280262816,60.374711368928345],[22.293222932229355,60.383297865926096],[21.875618756187578,60.529268314887844],[21.839618396183994,60.62944411319492],[21.64161641616417,60.49635340972981],[21.378813788137904,60.64661710719042],[21.429214292142944,60.902780934289964],[21.29961299612998,61.06020004591538],[21.454414544145465,61.054475714583546],[21.55881558815591,61.20473941204418],[21.537215372153753,61.64980617309422],[21.371613716137176,61.9388849053518],[21.234812348123512,61.98467955600647],[21.339213392133928,62.35533000974267],[21.13401134011343,62.40398682606326],[21.195211952119536,62.60147625701151],[21.080010800108028,62.678754729991255],[21.227612276122784,62.859071166944005],[21.461614616146193,62.9520915510863],[21.494014940149412,63.07230250905479],[21.688416884168873,63.02650785840014],[21.497614976149777,63.20825537818584],[21.89361893618937,63.259774360172344],[21.904419044190462,63.1753404730278],[22.37242372423725,63.32131092198955],[22.192421924219275,63.45869487395355],[22.43002430024302,63.48874761344567],[22.588425884258868,63.70341003838942],[22.829628296282976,63.64616672507108],[22.99162991629919,63.815034499360166],[23.373233732337354,63.90089946933767],[23.380433804338054,64.04830100113237],[23.942039420394224,64.24722151491359],[23.996039960399628,64.3803122183787],[24.345243452434545,64.53057591583934],[24.42444424444247,64.67511528196813],[24.773647736477386,64.86544929875159],[25.072450724507263,64.91553719790512],[25.259652596525996,64.816792482431],[25.443254432544336,64.96705617989163],[25.21285212852129,65.12447529151704],[25.353253532535348,65.48367708258958],[25.08685086850869,65.60531912339104],[24.687246872468734,65.6310786143843],[24.54324543245434,65.80853288567113],[24.161641616416176,65.82284371400071],[24.021240212402148,66.04895480160812],[23.72243722437227,66.20637391323353],[23.643236432364347,66.43677824933982],[23.88083880838809,66.56414462147312],[23.999639996399992,66.81172195157491],[23.582035820358215,67.15375074865196],[23.765637656376583,67.4199321555822],[23.430834308343094,67.48576196589829],[23.55323553235533,67.58736884703833],[23.499234992349955,67.88217191062775],[23.66123661236614,67.93225980978129],[23.15003150031501,68.12974924072954],[23.052830528305293,68.29861701501862],[22.80802808028082,68.39449956482683],[22.073620736207374,68.4775023691384],[21.91881918819189,68.5676605876148],[21.46521465214653,68.68644046275031],[20.936009360093607,68.96693269801017],[20.549205472874075,69.05991811650836],[20.716311509735295,69.11894342784908],[21.060231227973638,69.03546084064185],[21.106610443088766,69.10324584734857],[21.00314911706271,69.22169122748875],[21.27785677582155,69.31016849940069],[21.627347693939456,69.2765760708835],[22.177067081665555,68.95431167896626],[22.18985008995352,68.91596265410237],[22.339593901326825,68.82739466810719],[22.375203710129014,68.71691295361835],[22.534047289609212,68.7441817562398],[22.790809407068892,68.68582672954442],[23.04090237862053,68.69082858897545],[23.196831968319714,68.61774848676833],[23.733237332373335,68.71506211940948],[23.927639276392796,68.81666900054952],[24.662046620466214,68.66640530308891],[24.906849068490715,68.55764300778407],[24.982449824498275,68.6148863211024],[25.133651336513395,68.64780122626044],[25.14445144451446,68.66783638592187],[25.202052020520227,68.81237575205066],[25.601656016560185,68.8724812310349],[25.727657276572785,68.94260428984987],[25.79965799657998,69.01272734866481],[25.74925749257494,69.05995308215245],[25.734857348573513,69.19161270278462],[25.878858788587905,69.37049805690441],[25.893258932589333,69.49070901487292],[25.886058860588633,69.52076175436503],[26.03366033660339,69.69678494281891],[26.181261812618146,69.71109577114848],[26.22446224462246,69.73256201364288],[26.50166501665018,69.91860278192746],[26.706867068670704,69.93577577592293],[27.099270992709933,69.90142978793196],[27.444874448744514,70.003036669072],[27.898478984789875,70.07029756222104],[28.380883808838092,69.82272023211925],[29.147691476914787,69.66387003766087],[29.345693456934583,69.46494952387965],[28.852488524885274,69.20306136544829],[28.808359754505304,69.11117969736598],[28.929461408088272,69.05084435394387]]],[[[22.84762847628477,60.11139212766402],[22.68202682026822,59.99690550102734],[22.469624696246996,59.99690550102734],[22.451624516245175,60.18867060064376],[22.844028440284433,60.241620665463216],[22.84762847628477,60.11139212766402]]],[[[24.63324633246333,64.96848726272458],[24.561245612456133,65.03717923870659],[24.99324993249934,65.05578331553504],[24.63324633246333,64.96848726272458]]]]}},{"type":"Feature","properties":{"zone":"NO-NO1"},"geometry":{"type":"MultiPolygon","coordinates":[[[[10.387903879038817,59.55040765714435],[10.65790657906581,59.59477122496605],[10.596705967059705,59.42304128501105],[10.823508235082386,59.164015292245594],[10.902709027090282,59.196930197403645],[11.298017754860162,59.11594124495081],[11.3707137071371,59.101047647595436],[11.453514535145388,58.896402802482385],[11.665916659166612,58.920731210642685],[11.806318063180669,59.294243830044806],[11.676716767167704,59.5589941541421],[11.903519035190385,59.76936333058697],[11.84951849518498,59.87240129455998],[12.144721447214494,59.898160785553216],[12.447124471244734,60.05128664867976],[12.609126091260947,60.48633582989909],[12.335523355233562,60.82836462697614],[12.281522815228186,61.015836478093675],[12.670670550143965,61.054228230276124],[12.872743374997839,61.35573371497873],[12.571033419002276,61.569992025076544],[12.420235853452628,61.56509669999902],[12.137443265721197,61.72203140767103],[12.298257169719612,62.26429740073408],[10.956709567095686,62.628666830837716],[8.404284042840459,61.48236948163809],[8.109081090810946,61.19901508071234],[9.60309603096033,60.307450475779305],[9.484294842948458,60.2731044877883],[8.685086850868544,60.23017200279955],[8.839888398884,60.16148002681756],[9.675096750967526,59.41588587084627],[10.305103051030528,59.68492944344243],[10.387903879038817,59.55040765714435]]]]}},{"type":"Feature","properties":{"zone":"NO-NO2"},"geometry":{"type":"MultiPolygon","coordinates":[[[[5.27945279452797,59.292812747211855],[5.207452074520774,59.41588587084627],[5.167851678516797,59.19549911457068],[5.27945279452797,59.292812747211855]]],[[[5.499054990549922,59.80370931857797],[5.419854198541998,59.93823110487605],[5.250652506525086,59.909609448216884],[5.311853118531218,59.79512282158022],[5.499054990549922,59.80370931857797]]],[[[5.661056610566135,60.0670285598423],[5.463054630546338,60.052717731512715],[5.509855098551014,59.89959186838618],[5.661056610566135,60.0670285598423]]],[[[8.685086850868544,60.23017200279955],[6.541378043022702,60.14697004502801],[6.096660966609704,60.0913569680026],[5.963459634596376,59.95683518170452],[5.646656466564679,59.85379721773151],[5.895058950589544,59.762207916422184],[5.747457474574759,59.674911863611726],[5.488254882548858,59.737879508261884],[5.182251822518253,59.51176842065448],[5.473854738547402,59.27850191888227],[5.585455854558575,59.41588587084627],[5.668256682566863,59.30426140987551],[6.078660786607884,59.40157504251668],[6.25146251462516,59.277070836049305],[5.873458734587359,59.08673681926585],[6.035460354603572,58.904989299480135],[5.736657366573695,58.929317707640436],[5.549455494554962,59.038080002945264],[5.477454774547766,58.75472560201952],[5.704257042570447,58.52145910024731],[6.003060030600324,58.389799479615135],[6.697866978669822,58.225224953824934],[6.532265322653245,58.120755907018975],[7.000270002700063,58.0305976885426],[7.579875798758025,58.01771794304598],[7.914679146791485,58.0821166705291],[8.029880298803022,58.225224953824934],[8.123481234812374,58.10215183019052],[8.501485014850175,58.25670877615002],[9.45189451894521,58.83343515783223],[9.271892718927205,58.83343515783223],[9.689496894968983,58.95650828146664],[9.955899558995611,58.95650828146664],[10.470704707047105,59.248449179390136],[10.481504815048169,59.411592622347385],[10.387903879038817,59.55040765714435],[10.305103051030528,59.68492944344243],[9.675096750967526,59.41588587084627],[8.839888398884,60.16148002681756],[8.685086850868544,60.23017200279955]]]]}},{"type":"Feature","properties":{"zone":"NO-NO3"},"geometry":{"type":"MultiPolygon","coordinates":[[[[12.298257169719612,62.26429740073408],[12.057443445406413,62.611364377099854],[12.13670640997934,62.74855027732223],[12.074910112915699,62.901908244473404],[12.218464612767876,63.00056933709909],[11.9732519005652,63.26732575153612],[12.213343183256953,63.476533923176234],[12.150580731764919,63.591100302883916],[12.682769226066599,63.97258924318265],[12.925676145774485,64.05902957763163],[11.816770723934091,64.88499668999147],[11.842318423184253,64.80248165410141],[11.39591395913962,64.7065991042932],[11.518315183151856,64.57350840082809],[11.377913779137828,64.3974852123742],[11.16191161911621,64.4461420286948],[10.956709567095686,64.60356114032021],[10.891908919089218,64.47476368535396],[10.603906039060405,64.45186636002663],[10.607506075060769,64.36600139004912],[10.168301683016864,64.198564698593],[9.93789937899382,63.95957386548896],[10.19710197101972,63.93810762299459],[9.545495454954562,63.774964180037344],[9.545495454954562,63.6662018847325],[9.797497974979763,63.691961375725754],[9.919899198992027,63.51450710443892],[10.4167041670417,63.57890583192204],[10.90990909909101,63.730600612215625],[11.075510755107587,63.83650074185455],[10.963909639096414,63.948125202825295],[11.262712627126291,64.03542125563575],[11.4967149671497,64.02111042730617],[11.097110971109743,63.889450806674006],[11.464314643146452,63.80215475386355],[11.032310323103246,63.71915194955196],[10.672306723067265,63.54885309242992],[10.917109171091738,63.46585028811833],[10.798307983079866,63.41719347179776],[10.301503015030164,63.46585028811833],[10.092700927009304,63.43865971429213],[10.099900999010003,63.32560417048842],[9.833498334983375,63.328466336154335],[9.959499594995975,63.42721105162846],[9.700297002970046,63.64473564223813],[9.160291602916061,63.507351690274135],[9.264692646926505,63.36281232414534],[8.821888218882208,63.43007321729438],[8.476284762847655,63.29412034816333],[8.544685446854487,63.13240798803905],[8.166681666816686,63.11523499404355],[8.620286202862047,62.87767524377246],[8.328683286832899,62.880537409438375],[8.339483394833962,62.95924696525108],[8.087480874808762,63.10951066271171],[7.972279722797253,62.976419959246584],[7.5006750067501,62.91059014893051],[7.270272702727056,63.013628112903504],[6.910269102691046,62.92919422575896],[6.971469714697179,62.72598046347888],[7.313473134731368,62.74458454030734],[7.385473854738564,62.687341226989005],[8.073080730807334,62.7803616111313],[7.522275222752256,62.674461481492386],[7.518675186751892,62.54137077802726],[7.093870938709415,62.65156415616505],[6.777067770677718,62.650133073332086],[6.61146611466117,62.561405937688676],[6.319863198632021,62.6086316711763],[6.305463054630565,62.45979905654863],[6.708667086670886,62.45121255955088],[6.028260282602844,62.305242110589134],[5.927459274592763,62.19934198095022],[5.43065430654309,62.18646223545359],[5.452254522545246,62.06195802898621],[5.182251822518253,62.21222172644684],[5.070650706507081,62.163564910126254],[5.311853118531218,62.02618095816226],[5.157051570515733,61.895952420363045],[5.427054270542726,61.93745382251885],[6.521465214652181,61.81438069888442],[5.736657366573695,61.835846941378804],[5.362253622536258,61.90597000019376],[5.337053370533738,61.84157127271064],[4.973449734497365,61.73853330873763],[4.991449914499157,61.6297710134328],[5.358653586535894,61.55392362328601],[4.948249482494845,61.41653967132201],[5.020250202502041,61.216188074707844],[5.357402552258215,61.08757872870523],[5.135451354513577,61.07737303991088],[5.113851138511421,60.961455330441254],[6.370263702637061,61.05590679741651],[6.413464134641373,61.06878654291313],[6.575465754657557,61.0630622115813],[6.665466654666574,61.194721832213474],[6.697866978669822,61.19185966654756],[7.295472954729576,61.83870910704472],[8.404284042840459,61.48236948163809],[10.956709567095686,62.628666830837716],[12.298257169719612,62.26429740073408]]],[[[4.951849518495209,61.89738350319601],[4.915849158491596,61.78146579372638],[5.124651246512485,61.85588210104022],[4.951849518495209,61.89738350319601]]],[[[5.704257042570447,62.298086696424335],[5.545855458554598,62.19218656678542],[5.779857798578007,62.20792847794796],[5.704257042570447,62.298086696424335]]],[[[6.06786067860682,62.34817459557789],[5.805058050580527,62.36248542390747],[5.873458734587359,62.255154211435595],[6.06786067860682,62.34817459557789]]],[[[7.680676806768105,63.0207835270683],[7.39987399874002,63.05512951505929],[7.52587525875262,62.946367219754464],[7.680676806768105,63.0207835270683]]],[[[8.098280982809854,63.34277716448392],[8.004680046800502,63.47300570228313],[7.806678066780705,63.37139882114309],[8.098280982809854,63.34277716448392]]],[[[8.9658896588966,63.6561843049018],[8.544685446854487,63.60180315724938],[8.278282782827858,63.46585028811833],[8.50508505085054,63.43436646579326],[9.174691746917489,63.567457169258375],[8.9658896588966,63.6561843049018]]],[[[8.796687966879688,63.805016919529464],[8.314283142831442,63.66763296756547],[8.742687426874284,63.687668127226885],[8.796687966879688,63.805016919529464]]],[[[11.230312303123043,64.610716554485],[11.179911799118003,64.507678590512],[11.417514175141775,64.473332602521],[11.230312303123043,64.610716554485]]],[[[11.205112051120523,64.90981286657329],[11.089910899109015,64.94988318589613],[10.827108271082722,64.85686280175383],[11.205112051120523,64.90981286657329]]],[[[11.69831698316986,64.9126750322392],[11.230312303123043,64.82251681376283],[11.478714787147908,64.81106815109916],[11.694716947169496,64.91124394940626],[11.69831698316986,64.9126750322392]]],[[[11.69831698316986,64.9126750322392],[11.561515615156168,64.95274535156204],[11.244712447124499,64.85686280175383],[11.69831698316986,64.9126750322392]]]]}},{"type":"Feature","properties":{"zone":"NO-NO4"},"geometry":{"type":"MultiPolygon","coordinates":[[[[29.041943726896648,69.01076444724204],[29.24129241292414,69.11576531263782],[29.33489334893352,69.2774776727621],[29.900099000990025,69.35761831140778],[30.12330123301234,69.44205219855232],[30.296102961029618,69.6209375526721],[30.512105121051235,69.53650366552756],[30.854108541085424,69.52791716852983],[30.92610926109262,69.67245653465861],[30.839708397083996,69.80554723812375],[30.166501665016654,69.87996354543756],[30.209702097020994,69.78408099562935],[30.000900009000105,69.72540659947808],[29.680496804968072,69.73542417930878],[29.684096840968436,69.97012176391394],[28.611286112861137,70.12038546137458],[28.755287552875558,70.16761119486219],[29.22689226892271,70.12038546137458],[30.159301593015954,70.07172864505398],[30.54810548105482,70.24918291634083],[31.07731077310774,70.28495998716477],[30.92610926109262,70.45668992711978],[30.81090810908111,70.41518852496398],[29.993699936999377,70.71285375421931],[29.680496804968072,70.61983337007703],[29.77769777697779,70.72716458254891],[29.35289352893531,70.69568076022381],[29.40329403294035,70.78440789586725],[29.0576905769058,70.88458369417432],[28.794887948879506,70.87313503151066],[28.524885248852513,70.72144025121708],[28.247682476824792,70.41518852496398],[27.848078480784835,70.48244941811302],[28.233282332823336,70.61554012157816],[28.301683016830196,70.70283617438861],[27.65007650076504,70.6069536245804],[28.12888128881289,70.73575107954665],[27.761677616776183,70.79156331003202],[28.222482224822272,70.78583897870018],[28.54648546485467,70.98046624398253],[28.18648186481866,70.99620815514507],[28.190081900819024,71.08636637362144],[27.87687876878772,71.03770955730087],[27.56727567275675,71.09781503628511],[27.552875528755294,70.95470675298927],[27.120871208712117,70.92179184783123],[27.534875348753502,70.84594445768445],[27.13887138871391,70.74004432804554],[27.13167131671318,70.62555770140887],[26.505265052650543,70.36223846014454],[26.656466564665664,70.63986852973844],[26.34326343263433,70.6484550267362],[26.642066420664236,70.70712942288748],[26.692466924669276,70.95613783582223],[26.37566375663758,70.86884178301179],[26.012060120601234,70.62555770140887],[25.42165421654218,70.3250303064876],[25.540455404554052,70.2978397326614],[25.13725137251373,70.07888405921878],[24.964449644496455,70.08031514205175],[24.97884978849791,70.2291477566794],[25.202052020520227,70.30642622965917],[25.24525245252454,70.52824406876769],[25.072450724507263,70.50391566060739],[25.92565925659258,70.85596203751516],[25.42165421654218,70.86025528601402],[25.24525245252454,70.79156331003202],[25.140851408514095,70.92179184783123],[24.665646656466578,70.9776040783166],[24.615246152461538,70.78011464736835],[24.395643956439585,70.86741070017882],[24.29124291242914,70.76437273620581],[24.54324543245434,70.74576865937738],[24.615246152461538,70.62555770140887],[24.352443524435273,70.69138751172494],[24.111241112411136,70.54827922842912],[24.31644316443166,70.48244941811302],[23.916839168391704,70.50963999193922],[23.513635136351382,70.36510062581044],[23.57123571235715,70.2906843184966],[23.27603276032761,70.22485450818053],[23.40203402034021,70.14042062103599],[23.17523175231753,70.09176380471541],[23.538835388353903,70.02450291156637],[23.330033300333014,69.94865552141957],[23.031230312303137,70.0302272428982],[22.96642966429667,70.20768151418503],[22.37242372423725,70.2506139991738],[22.268022680226835,70.2949775669955],[21.821618216182173,70.26921807600223],[21.875618756187578,70.14757603520079],[21.587615876158793,70.312150560991],[21.209612096120992,70.20911259701799],[21.512015120151233,70.09176380471541],[21.839618396183994,70.05455565105848],[21.904419044190462,69.82558239778515],[21.393213932139332,70.02879616006524],[21.170011700117016,69.8756702969387],[20.51120511205113,69.76977016729978],[20.4968049680497,69.57800506768336],[20.27720277202775,69.39196429939878],[20.190801908019097,69.41343054189315],[20.417604176041777,69.88998112526829],[20.16920169201694,69.94150010725477],[19.855998559985608,69.62666188400394],[19.67599675996763,69.68104303165637],[19.78399783997841,69.80411615529079],[19.099990999910005,69.73685526214175],[18.959589595895977,69.56083207368786],[19.157591575915774,69.37765347106921],[19.34839348393487,69.37908455390215],[19.477994779947807,69.2202343594438],[19.301593015930166,69.22452760794266],[19.34839348393487,69.34473856591114],[19.01359013590138,69.39768863073061],[18.85158851588517,69.55224557669013],[18.498784987849888,69.52219283719799],[18.466384663846668,69.44491436421825],[18.934389343893457,69.33472098608044],[18.603186031860332,69.30037499808944],[18.30078300783009,69.48641576637402],[18.001980019800214,69.28606416975987],[18.08118081180814,69.16871537745729],[17.677976779767818,69.09143690447752],[17.425974259742617,68.89967180486113],[17.69597695976961,68.89108530786336],[17.23517235172355,68.75656352156528],[16.630366303663067,68.6420768949286],[16.53316533165335,68.43886313264854],[17.047970479704816,68.43456988414965],[17.54477544775449,68.53045243395786],[17.541175411754125,68.42884555281782],[16.8247682476825,68.32437650601187],[16.695166951669535,68.4059482274905],[16.17316173161734,68.31722109184707],[16.43956439564397,68.22563179053775],[16.345963459634618,68.08252350724192],[16.500765007650102,68.01669369692583],[16.46476464764649,67.89934490462325],[16.302763027630306,67.99379637159849],[16.23796237962381,67.8836029934607],[16.043560435604377,68.02957344242245],[16.09756097560978,68.17268172571829],[15.507155071550727,68.13261140639545],[15.280352803528046,68.03672885658725],[15.967959679596817,68.00810719992808],[15.301953019530231,67.8907584076255],[14.99954999549999,67.89505165612437],[14.790747907479101,67.82349751447646],[15.013950139501418,67.7462190414967],[14.837548375483777,67.6431810775237],[15.38475384753849,67.80346235481504],[15.597155971559744,67.74908120716262],[15.197551975519787,67.64461216035666],[15.265952659526619,67.52440120238816],[15.00675006750069,67.56304043887803],[14.725947259472605,67.48862413156421],[15.04995049950503,67.4471227294084],[14.82314823148235,67.37843075342641],[14.653946539465409,67.42565648691404],[14.329943299433012,67.24104680146242],[14.682746827468293,67.27825495511932],[14.675546755467565,67.21671839330212],[15.165151651516538,67.31116986027737],[14.89874898748991,67.14230208598829],[14.779947799478009,67.2138562276362],[14.36234362343626,67.15947507998379],[14.221942219422203,66.98202080869696],[13.588335883358866,66.93765724087524],[13.80073800738009,66.808859785909],[13.54153541535419,66.80313545457716],[13.480334803348057,66.67576908244388],[13.249932499325013,66.63283659745512],[13.170731707317088,66.41244984117954],[13.001530015300176,66.35663761069416],[13.321933219332209,66.30082538020879],[13.03033030330306,66.19778741623578],[13.57393573935741,66.28937671754512],[13.973539735397367,66.23785773555862],[13.527135271352734,66.24071990122454],[12.868328683286848,66.13481977158563],[12.713527135271363,66.04179938744333],[13.023130231302332,66.06755887843659],[12.789127891278923,65.96452091446358],[12.349923499235018,65.63823402854908],[12.403924039240422,65.53519606457608],[12.573125731257335,65.5895772122285],[12.641526415264167,65.41641618944054],[12.346323463234654,65.26758357481287],[12.501125011250139,65.14451045117846],[12.933129331293344,65.33341338512896],[12.605526055260583,65.12590637435],[12.151921519215222,65.0400414043725],[11.979119791197945,65.06866306103167],[11.561515615156168,64.95274535156204],[11.69831698316986,64.9126750322392],[11.694716947169496,64.91124394940626],[11.813518135181369,64.8955020382437],[11.816770723934091,64.88499668999147],[12.925676145774485,64.05902957763163],[13.211252852168155,64.09556692326777],[13.716413154938838,64.04620614524235],[13.967557064061047,64.00790244344049],[14.157719205213425,64.19527571602815],[14.114023722627877,64.46391541364399],[13.642336423364242,64.58352598065879],[14.326758158719665,65.12035624515514],[14.379640722349183,65.2451590953208],[14.504443572514843,65.30861817167623],[14.495982362334122,65.51591782110393],[14.536173110692554,65.69360323489911],[14.625283872217643,65.81310413030512],[14.518266646852341,66.12960188191741],[15.037414037986153,66.15464846657737],[15.485061313574022,66.28266270570329],[15.457287907031832,66.34475494001927],[15.37203343028456,66.48508584208417],[15.62424800375494,66.59575142023954],[16.03602689921678,66.91230644612583],[16.388612578455984,67.0435609690543],[16.40662790513244,67.2056989091424],[16.100367351632695,67.43732453783967],[16.1569869497587,67.51968031693204],[16.41434875942235,67.53512202551185],[16.738624639598548,67.91087026762078],[17.1864341884133,68.05499288103243],[17.28423167608549,68.11933333344834],[17.893978939789406,67.9694679634382],[18.154114592748627,68.1939682582508],[18.105215848912536,68.40757856027163],[18.128378411782265,68.53368584700682],[18.41147640241228,68.58001097274628],[18.620697672463567,68.50600388368436],[18.985090191974898,68.5174358058651],[19.925365791341388,68.35453091478945],[20.222595768040826,68.49028499068584],[19.94251367461251,68.55601854322514],[20.205628368198656,68.66719672696222],[20.338348286666925,68.80461469564175],[20.30663644774088,68.92441497602903],[20.06468686186067,69.04773879407477],[20.549205472874075,69.05991811650836],[20.716311509735295,69.11894342784908],[21.060231227973638,69.03546084064185],[21.106610443088766,69.10324584734857],[21.00314911706271,69.22169122748875],[21.27785677582155,69.31016849940069],[21.627347693939456,69.2765760708835],[22.177067081665555,68.95431167896626],[22.18985008995352,68.91596265410237],[22.339593901326825,68.82739466810719],[22.375203710129014,68.71691295361835],[22.534047289609212,68.7441817562398],[22.790809407068892,68.68582672954442],[23.04090237862053,68.69082858897545],[23.196831968319714,68.61774848676833],[23.733237332373335,68.71506211940948],[23.927639276392796,68.81666900054952],[24.662046620466214,68.66640530308891],[24.906849068490715,68.55764300778407],[24.982449824498275,68.6148863211024],[25.133651336513395,68.64780122626044],[25.14445144451446,68.66783638592187],[25.202052020520227,68.81237575205066],[25.601656016560185,68.8724812310349],[25.727657276572785,68.94260428984987],[25.79965799657998,69.01272734866481],[25.74925749257494,69.05995308215245],[25.734857348573513,69.19161270278462],[25.878858788587905,69.37049805690441],[25.893258932589333,69.49070901487292],[25.886058860588633,69.52076175436503],[26.03366033660339,69.69678494281891],[26.181261812618146,69.71109577114848],[26.22446224462246,69.73256201364288],[26.50166501665018,69.91860278192746],[26.706867068670704,69.93577577592293],[27.099270992709933,69.90142978793196],[27.444874448744514,70.003036669072],[27.898478984789875,70.07029756222104],[28.380883808838092,69.82272023211925],[29.147691476914787,69.66387003766087],[29.345693456934583,69.46494952387965],[28.852488524885274,69.20306136544829],[28.808359754505304,69.11117969736598],[28.929461408088272,69.05084435394387],[29.041943726896648,69.01076444724204]]],[[[13.480334803348057,68.18699255404786],[13.642336423364242,68.07107484457825],[13.77553775537757,68.15980198022166],[14.034740347403499,68.18126822271603],[13.984339843398459,68.33725625150849],[13.645936459364606,68.29289268368679],[13.480334803348057,68.18699255404786]]],[[[12.259922599226002,65.14737261684438],[12.19152191521917,65.21320242716045],[12.000720007200101,65.0743873923635],[12.259922599226002,65.14737261684438]]],[[[12.396723967239694,65.50800549074988],[12.123121231212338,65.35774179328925],[12.079920799208026,65.21463350999342],[12.490324903249046,65.38779453278137],[12.396723967239694,65.50800549074988]]],[[[12.735127351273547,65.97596957712724],[12.472324723247254,65.98026282562613],[12.49392493924941,65.88008702731904],[12.735127351273547,65.97596957712724]]],[[[12.605526055260583,66.1806144222403],[12.295922959229614,66.01460881361713],[12.645126451264531,66.11335352909124],[12.605526055260583,66.1806144222403]]],[[[14.239942399424024,67.11511151216207],[13.991539915399187,67.07790335850517],[14.207542075420776,67.00921138252316],[14.239942399424024,67.11511151216207]]],[[[15.154351543515446,68.43886313264854],[14.653946539465409,68.42884555281782],[14.383943839438416,68.37303332233245],[14.495544955449589,68.31579000901412],[14.196741967419683,68.15264656605687],[14.761947619476217,68.25854669569578],[15.154351543515446,68.43886313264854]]],[[[16.403564035640386,68.42884555281782],[16.342363423634254,68.53760784812266],[16.093960939609417,68.39736173049275],[16.403564035640386,68.42884555281782]]],[[[14.761947619476217,68.49467536313391],[14.99954999549999,68.55478084211816],[14.603546035460369,68.55907409061703],[14.761947619476217,68.49467536313391]]],[[[17.105571055710584,68.75799460439825],[17.015570155701568,68.85960148553829],[16.84276842768429,68.72507969924021],[17.105571055710584,68.75799460439825]]],[[[15.906759067590684,68.95691511817944],[15.64395643956442,68.95405295251354],[15.453154531545323,68.81094466921769],[15.514355143551455,68.63635256359677],[15.237152371523734,68.56479842194886],[15.269552695526983,68.46176045797587],[15.010350103501054,68.31435892618116],[15.35955359553597,68.354429245504],[15.625956259562628,68.30004809785157],[15.748357483574864,68.42598338715192],[15.967959679596817,68.39306848199386],[16.093960939609417,68.5333145996238],[16.48276482764831,68.54762542795336],[16.576365763657662,68.70790670524471],[16.25596255962563,68.90253397052703],[16.108361083610845,68.74082161040275],[15.816758167581696,68.61059307260354],[15.989559895598973,68.76371893573008],[15.863558635586372,68.78232301255852],[15.906759067590684,68.95691511817944]]],[[[15.193951939519422,68.9340177928521],[15.00675006750069,68.98124352633974],[15.00675006750069,68.79377167522219],[14.369543695436988,68.68787154558328],[15.064350643506458,68.57910925027846],[15.337953379533815,68.65352555759227],[15.294752947529503,68.9068272190259],[15.193951939519422,68.9340177928521]]],[[[15.816758167581696,69.02417601132848],[16.06156061560617,69.14438696929699],[16.101161011610145,69.31468582641904],[15.56835568355686,69.10574773280712],[15.424354243542467,68.96263944951127],[15.816758167581696,69.02417601132848]]],[[[17.735577355773586,69.55224557669013],[17.64557645576457,69.46208735821375],[17.31797317973181,69.53507258269462],[17.389973899739005,69.38051563673511],[16.939969399694007,69.39768863073061],[17.130771307713104,69.31039257792017],[16.90036900369006,69.19447486845053],[17.055170551705544,69.13293830663332],[16.8247682476825,69.05422875082061],[17.48717487174875,69.15440454912769],[17.958779587795902,69.18016404012096],[17.9047790477905,69.3189790749179],[18.084780847808503,69.35189398007594],[18.04878048780489,69.49643334620475],[17.735577355773586,69.55224557669013]]],[[[18.840788407884105,69.87853246260462],[18.790387903879065,69.78408099562935],[18.35838358383586,69.79266749262712],[18.185581855818583,69.70823360548258],[18.19278192781931,69.53077933419573],[18.822788227882313,69.59088481318],[18.804788047880493,69.68104303165637],[19.035190351903537,69.74401067630654],[18.840788407884105,69.87853246260462]]],[[[30.02250022500226,69.83703106044882],[29.87849878498787,69.91430953342856],[29.71289712897132,69.76404583596795],[30.02250022500226,69.83703106044882]]],[[[19.67599675996763,69.85563513727729],[19.855998559985608,69.97298392957987],[19.53199531995321,69.9200338647604],[19.67599675996763,69.85563513727729]]],[[[19.22239222392227,70.07315972788695],[18.729187291872933,69.9472244385866],[19.12159121591219,69.78837424412825],[19.40599405994061,69.83846214328179],[19.58239582395825,69.99301908924127],[19.22239222392227,70.07315972788695]]],[[[20.77040770407706,70.11609221287569],[20.824408244082463,70.1948017686884],[20.58680586805869,70.2363031708442],[20.388803888038893,70.10321246737908],[20.58680586805869,70.04596915406074],[20.77040770407706,70.11609221287569]]],[[[19.20439204392045,70.25490724767266],[18.99558995589959,70.15186928369965],[19.225992259922606,70.13469628970415],[19.20439204392045,70.25490724767266]]],[[[19.70119701197015,70.2506139991738],[19.819998199982024,70.06027998239031],[20.154801548015513,70.11323004720978],[19.81639816398166,70.16904227769516],[19.70119701197015,70.2506139991738]]],[[[22.692826928269312,70.38513578547187],[22.444424444244476,70.29211540132957],[23.002430024300253,70.24918291634083],[22.692826928269312,70.38513578547187]]],[[[23.50283502835029,70.6169712044111],[22.89802898028981,70.45096559578795],[23.103231032310333,70.28352890433183],[23.380433804338054,70.31787489232283],[23.66123661236614,70.46956967261642],[23.50283502835029,70.6169712044111]]],[[[23.819638196381987,70.70999158855341],[23.639636396363983,70.70283617438861],[23.751237512375155,70.52395082026882],[24.129241292412956,70.61983337007703],[23.819638196381987,70.70999158855341]]],[[[23.39483394833951,70.84308229201852],[23.330033300333014,70.77868356453541],[22.826028260282612,70.6484550267362],[22.37242372423725,70.69854292588974],[22.01242012420127,70.5997982104156],[22.332823328233303,70.61267795591223],[22.142021420214235,70.48244941811302],[22.869228692286953,70.53969273143136],[23.272432724327274,70.68136993189424],[23.39483394833951,70.84308229201852]]],[[[25.677256772567745,71.16078268093528],[25.292052920529215,71.04486497146564],[25.533255332553352,70.93180942766193],[26.181261812618146,71.00336356930987],[25.889658896588998,71.05202038563044],[25.677256772567745,71.16078268093528]]]]}},{"type":"Feature","properties":{"zone":"NO-NO5"},"geometry":{"type":"MultiPolygon","coordinates":[[[[8.404284042840459,61.48236948163809],[7.295472954729576,61.83870910704472],[6.697866978669822,61.19185966654756],[6.665466654666574,61.194721832213474],[6.575465754657557,61.0630622115813],[6.413464134641373,61.06878654291313],[6.370263702637061,61.05590679741651],[5.113851138511421,60.961455330441254],[5.056250562505653,60.957162081942386],[5.045450454504561,60.844106538138675],[5.293852938529398,60.822640295644305],[5.30465304653049,60.71244691750651],[4.926649266492689,60.79974297031697],[5.301053010530126,60.56075213721293],[5.693456934569383,60.75251723682935],[5.707857078570811,60.470593918736554],[5.617856178561823,60.4176438539171],[5.541316440354774,60.44457261500616],[5.675456754567563,60.47345608440247],[5.686256862568655,60.67666984668256],[5.322653226532282,60.546441308883345],[5.418435160132559,60.48780559064648],[5.30465304653049,60.52783723205489],[5.178651786517889,60.38902219725793],[5.221852218522201,60.211567925971096],[5.842997085264626,60.111501203936854],[6.190261902619056,60.35467620926693],[6.561065610656129,60.463438504571755],[6.676266762667638,60.43624793074555],[6.528665286652881,60.164342192483474],[6.525065250652517,60.14573811565501],[6.541378043022702,60.14697004502801],[8.685086850868544,60.23017200279955],[9.484294842948458,60.2731044877883],[9.60309603096033,60.307450475779305],[8.109081090810946,61.19901508071234],[8.404284042840459,61.48236948163809]]],[[[6.510665106651089,60.144307032822056],[6.640266402664054,60.41621277108413],[6.503465034650361,60.43052359941372],[6.14346143461438,60.215861174469964],[6.107461074610768,60.13428945299134],[6.107461074610768,60.128565121659506],[6.510665106651089,60.144307032822056]]],[[[5.092250922509237,60.320330221275924],[4.969849698497001,60.44340334491035],[4.941049410494117,60.29170856461677],[5.092250922509237,60.320330221275924]]]]}},{"type":"Feature","properties":{"zone":"SE-SE1"},"geometry":{"type":"MultiPolygon","coordinates":[[[[16.388612578455984,67.0435609690543],[16.40662790513244,67.2056989091424],[16.100367351632695,67.43732453783967],[16.1569869497587,67.51968031693204],[16.41434875942235,67.53512202551185],[16.738624639598548,67.91087026762078],[17.1864341884133,68.05499288103243],[17.28423167608549,68.11933333344834],[17.893978939789406,67.9694679634382],[18.154114592748627,68.1939682582508],[18.105215848912536,68.40757856027163],[18.128378411782265,68.53368584700682],[18.41147640241228,68.58001097274628],[18.620697672463567,68.50600388368436],[18.985090191974898,68.5174358058651],[19.925365791341388,68.35453091478945],[20.222595768040826,68.49028499068584],[19.94251367461251,68.55601854322514],[20.205628368198656,68.66719672696222],[20.338348286666925,68.80461469564175],[20.30663644774088,68.92441497602903],[20.06468686186067,69.04773879407477],[20.549205472874075,69.05991811650836],[20.936009360093607,68.96693269801017],[21.46521465214653,68.68644046275031],[21.91881918819189,68.5676605876148],[22.073620736207374,68.4775023691384],[22.80802808028082,68.39449956482683],[23.052830528305293,68.29861701501862],[23.15003150031501,68.12974924072954],[23.66123661236614,67.93225980978129],[23.499234992349955,67.88217191062775],[23.55323553235533,67.58736884703833],[23.430834308343094,67.48576196589829],[23.765637656376583,67.4199321555822],[23.582035820358215,67.15375074865196],[23.999639996399992,66.81172195157491],[23.88083880838809,66.56414462147312],[23.643236432364347,66.43677824933982],[23.72243722437227,66.20637391323353],[24.021240212402148,66.04895480160812],[24.161641616416176,65.82284371400071],[23.927639276392796,65.75987606935054],[23.690036900369023,65.8299991281655],[23.373233732337354,65.82284371400071],[23.128431284312853,65.71551250152883],[22.685626856268584,65.86291403332353],[22.678426784267856,65.76416931784942],[22.476824768247695,65.8571897019917],[22.257222572225743,65.6926151762015],[22.4048240482405,65.54235147874087],[21.789217892178954,65.68689084486967],[22.17802178021782,65.53948931307495],[21.85401854018542,65.53519606457608],[21.94401944019441,65.41212294094167],[21.49041490414905,65.3935188641132],[21.7028170281703,65.28618765164133],[21.620016200162013,65.14737261684438],[21.138603554297056,64.79874435249292],[21.603531061665954,64.44788827815877],[21.00968239056497,64.15555442943908],[20.881955075468642,64.20473103551892],[20.8376099210499,64.2429138921668],[20.703136834333772,64.29159981410497],[20.61798529093622,64.29054442279778],[20.27959084574596,64.2073295246995],[20.04724877733267,64.20526037716596],[20.101436123131098,64.26678744104983],[20.02181390073339,64.27254858718311],[20.030660814333135,64.29193561196229],[19.549388714506996,64.4083542293911],[19.549609887346993,64.70613691222765],[18.419859020659523,65.09081912158119],[18.438437539218988,65.13809920462252],[18.167721983066787,65.243894418897],[18.296886921623067,65.5129573198271],[18.066867168029688,65.59789165146705],[17.67583358692095,65.65521177931907],[16.777871856546803,66.03226819540761],[16.52308074487414,66.05382194029757],[15.778170619775583,66.28971189421452],[15.457287907031832,66.34475494001927],[15.37203343028456,66.48508584208417],[15.62424800375494,66.59575142023954],[16.03602689921678,66.91230644612583],[16.388612578455984,67.0435609690543]]]]}},{"type":"Feature","properties":{"zone":"SE-SE2"},"geometry":{"type":"MultiPolygon","coordinates":[[[[20.30960309603097,63.654753222068834],[20.072000720007225,63.6662018847325],[19.75159751597519,63.524524684269636],[19.686796867968695,63.431504300127344],[19.470794707947107,63.56173283792654],[19.50679506795069,63.411469140465925],[19.27999279992801,63.4601259567865],[19.269192691926946,63.34277716448392],[19.035190351903537,63.17820263869372],[18.64278642786431,63.14671881636863],[18.394383943839472,62.94493613692151],[18.469984699847032,62.867657663941756],[18.077580775807775,62.77320619696651],[17.926379263792654,62.821863013287086],[18.04158041580419,62.6258046651718],[17.7067770677707,62.4369017312213],[17.43677436774371,62.537077529528375],[17.33597335973363,62.40398682606326],[17.508775087750905,62.217946057778676],[17.35397353973542,61.954626816514335],[17.400774007740097,61.722791397575094],[17.055170551705544,61.58254527994518],[17.17757177571778,61.48666273013697],[17.169329776684066,61.02289756123266],[17.237081965581893,60.890595764645916],[16.92920937231097,60.77849962928188],[16.840961409153564,60.773964411045505],[16.838307335073647,60.807639284897824],[16.7312596805168,60.81109111681239],[16.6328377667197,60.785409204179246],[16.525568939322863,60.791453860163536],[16.387114741486943,60.78692047509836],[16.13829529649428,61.00497976968196],[15.589123134790466,61.26262543636209],[15.415834214655575,61.26267860577751],[15.41627656033556,61.311981049972985],[14.721406790286045,61.310282254749666],[14.31876163507763,61.466556342056165],[14.09228064692415,61.45133931569066],[14.053354227085272,61.53409771879011],[13.653473732376787,61.58634148910212],[13.559254102539507,61.643540035181076],[13.598401695218378,61.65624814420863],[12.803285335441274,62.21891635612828],[12.608653236246878,62.21314290633518],[12.298257169719612,62.26429740073408],[12.057443445406413,62.611364377099854],[12.13670640997934,62.74855027732223],[12.074910112915699,62.901908244473404],[12.218464612767876,63.00056933709909],[11.9732519005652,63.26732575153612],[12.213343183256953,63.476533923176234],[12.150580731764919,63.591100302883916],[12.682769226066599,63.97258924318265],[12.925676145774485,64.05902957763163],[13.211252852168155,64.09556692326777],[13.716413154938838,64.04620614524235],[13.967557064061047,64.00790244344049],[14.157719205213425,64.19527571602815],[14.114023722627877,64.46391541364399],[13.642336423364242,64.58352598065879],[14.326758158719665,65.12035624515514],[14.379640722349183,65.2451590953208],[14.504443572514843,65.30861817167623],[14.495982362334122,65.51591782110393],[14.536173110692554,65.69360323489911],[14.625283872217643,65.81310413030512],[14.518266646852341,66.12960188191741],[15.037414037986153,66.15464846657737],[15.485061313574022,66.28266270570329],[15.457287907031832,66.34475494001927],[15.778170619775583,66.28971189421452],[16.52308074487414,66.05382194029757],[16.777871856546803,66.03226819540761],[17.67583358692095,65.65521177931907],[18.066867168029688,65.59789165146705],[18.296886921623067,65.5129573198271],[18.167721983066787,65.243894418897],[18.438437539218988,65.13809920462252],[18.419859020659523,65.09081912158119],[19.549609887346993,64.70613691222765],[19.549388714506996,64.4083542293911],[20.030660814333135,64.29193561196229],[20.02181390073339,64.27254858718311],[20.101436123131098,64.26678744104983],[20.04724877733267,64.20526037716596],[20.27959084574596,64.2073295246995],[20.61798529093622,64.29054442279778],[20.703136834333772,64.29159981410497],[20.8376099210499,64.2429138921668],[20.881955075468642,64.20473103551892],[21.00968239056497,64.15555442943908],[20.777607776077787,63.86941564701259],[20.50400504005043,63.822189913524966],[20.30960309603097,63.654753222068834]]]]}},{"type":"Feature","properties":{"zone":"SE-SE3"},"geometry":{"type":"MultiPolygon","coordinates":[[[[18.563585635856384,60.22730983713363],[18.329583295832975,60.285984233284935],[18.505985059850616,60.15575569548572],[18.81918819188195,60.114254293329935],[18.948789487894913,59.89959186838618],[19.08231807465288,59.873624564749576],[19.066038792008317,59.724066261491146],[18.412384123841264,59.49173326099306],[18.009180091800943,59.40873045668147],[18.27558275582757,59.31284790687326],[18.415984159841628,59.13968688408531],[18.04158041580419,59.059546245439634],[17.901179011790134,58.91500687931085],[17.749977499775014,58.9235933763086],[17.757177571775742,59.12537605575572],[17.609576095760985,59.09389223343064],[17.591575915759165,58.86778114582323],[16.92556925569258,58.62592814705327],[16.234362343623445,58.66886063204201],[16.410764107641086,58.597306490394104],[16.788767887678887,58.607324070224806],[16.939969399694007,58.49140636075518],[16.720367203672055,58.43702521310277],[16.777967779677823,58.13077348684969],[16.562963499088628,57.32372145287355],[16.39003972798376,57.36703039805422],[16.251198986666004,57.369785423540165],[16.270773359809464,57.343139099295826],[16.268921298402738,57.329420846760236],[16.249123400606738,57.32742127670066],[16.22638775023456,57.289201693773],[16.150261639999613,57.31735282265397],[16.091762045221756,57.31955984313662],[16.04335299190121,57.3966016699333],[15.979744262208255,57.412702642979355],[15.860573690313613,57.465222380212246],[15.631828140536753,57.39000269972616],[15.56847486758955,57.395509093318026],[15.536287317624433,57.37692169923531],[15.360756601197625,57.378815290795764],[15.285907774691461,57.35594794045872],[15.08230874832485,57.38088091553492],[14.973995088124791,57.17280708932958],[14.754589675614588,57.236835449311855],[14.592630098806016,57.244299920345696],[14.41189445118447,57.308583779960074],[14.361314015525009,57.368416546112044],[14.271105852180328,57.3838758647355],[14.224612724452946,57.332893979176795],[14.036628491670584,57.32058571769756],[13.894339084285129,57.46626135885869],[13.716668917612635,57.46159001614717],[13.634922758971085,57.40245973382049],[13.57565679395596,57.27341763535605],[13.50055251070403,57.273693849828895],[13.493399721822893,57.304064793975236],[13.05695187170074,57.37943499043466],[12.93075623929785,57.21879007079983],[12.64604969615406,57.21588539210255],[12.46671906063415,57.01727400345351],[12.352274438535977,56.99390338709017],[12.10175632188246,57.507640953067934],[11.95325522054484,57.3669703787282],[11.705517055170588,57.7214837966236],[11.687516875168768,57.83740150609323],[11.554056052889548,57.958661711604435],[11.4855648660554,58.062330648344854],[11.358366947649124,58.145049743754896],[11.413914139141411,58.43130088177094],[11.230312303123043,58.339711580461596],[11.287912879128811,58.5801334963986],[11.118711187111899,58.96938802696326],[11.159284817463636,59.074285017403206],[11.298017754860162,59.11594124495081],[11.3707137071371,59.101047647595436],[11.453514535145388,58.896402802482385],[11.665916659166612,58.920731210642685],[11.806318063180669,59.294243830044806],[11.676716767167704,59.5589941541421],[11.903519035190385,59.76936333058697],[11.84951849518498,59.87240129455998],[12.144721447214494,59.898160785553216],[12.447124471244734,60.05128664867976],[12.609126091260947,60.48633582989909],[12.335523355233562,60.82836462697614],[12.281522815228186,61.015836478093675],[12.670670550143965,61.054228230276124],[12.872743374997839,61.35573371497873],[12.571033419002276,61.569992025076544],[12.420235853452628,61.56509669999902],[12.137443265721197,61.72203140767103],[12.298257169719612,62.26429740073408],[12.608653236246878,62.21314290633518],[12.803285335441274,62.21891635612828],[13.598401695218378,61.65624814420863],[13.559254102539507,61.643540035181076],[13.653473732376787,61.58634148910212],[14.053354227085272,61.53409771879011],[14.09228064692415,61.45133931569066],[14.31876163507763,61.466556342056165],[14.721406790286045,61.310282254749666],[15.41627656033556,61.311981049972985],[15.415834214655575,61.26267860577751],[15.589123134790466,61.26262543636209],[16.13829529649428,61.00497976968196],[16.387114741486943,60.78692047509836],[16.525568939322863,60.791453860163536],[16.6328377667197,60.785409204179246],[16.7312596805168,60.81109111681239],[16.838307335073647,60.807639284897824],[16.840961409153564,60.773964411045505],[16.92920937231097,60.77849962928188],[17.237081965581893,60.890595764645916],[17.31077310773111,60.74536182266455],[17.191971919719208,60.70242933767581],[17.573575735757373,60.64804819002339],[17.63837638376387,60.51495748655826],[17.919179191791926,60.60082245653577],[17.96597965979663,60.51209532089234],[18.563585635856384,60.22730983713363]],[[14.055078343892559,59.22889643222667],[13.164289824207296,59.27543016086695],[13.270652632527925,58.91977952054484],[13.194204364047474,58.86327427862451],[12.895058965645706,59.072676057505745],[12.486226921163292,58.70373006614357],[12.659066484684313,58.640577148703194],[12.296768168842172,58.38464164118168],[12.855172912525472,58.48103293622225],[13.121079933327042,58.70373006614357],[13.254033443727828,58.71370157942363],[13.13437528436712,58.50762363830241],[13.310538685648162,58.49765212502235],[13.340453225488337,58.59404342006292],[13.938744022291871,58.76355914582392],[14.098288234772813,59.039437679905554],[13.932096346771832,59.056056868705646],[14.055078343892559,59.22889643222667]],[[14.56086279211908,58.627163465733666],[14.118792370036468,57.915862185089466],[14.18859296299688,57.77293716140862],[14.780236084280375,58.460971577732685],[14.986314025401594,58.52412449517306],[14.869979703800905,58.57398206157335],[14.963047161081455,58.760116976134455],[14.863332028280865,58.79335535373465],[14.56086279211908,58.627163465733666]]],[[[18.075393061894275,57.567047515364955],[18.73921288233187,57.94482018910825],[19.373529599638907,58.030837814346235],[18.84247374328883,57.653969378725535],[18.827722191723552,57.29706345819161],[18.47368495415683,56.992954040965905],[18.14915081972067,56.92056161758078],[18.119647716590112,57.22526332723666],[18.075393061894275,57.567047515364955]]]]}},{"type":"Feature","properties":{"zone":"SE-SE4"},"geometry":{"type":"MultiPolygon","coordinates":[[[[12.375123751237538,56.91149091316919],[12.352274438535977,56.99390338709017],[12.46671906063415,57.01727400345351],[12.64604969615406,57.21588539210255],[12.93075623929785,57.21879007079983],[13.05695187170074,57.37943499043466],[13.493399721822893,57.304064793975236],[13.50055251070403,57.273693849828895],[13.57565679395596,57.27341763535605],[13.634922758971085,57.40245973382049],[13.716668917612635,57.46159001614717],[13.894339084285129,57.46626135885869],[14.036628491670584,57.32058571769756],[14.224612724452946,57.332893979176795],[14.271105852180328,57.3838758647355],[14.361314015525009,57.368416546112044],[14.41189445118447,57.308583779960074],[14.592630098806016,57.244299920345696],[14.754589675614588,57.236835449311855],[14.973995088124791,57.17280708932958],[15.08230874832485,57.38088091553492],[15.285907774691461,57.35594794045872],[15.360756601197625,57.378815290795764],[15.536287317624433,57.37692169923531],[15.56847486758955,57.395509093318026],[15.631828140536753,57.39000269972616],[15.860573690313613,57.465222380212246],[15.979744262208255,57.412702642979355],[16.04335299190121,57.3966016699333],[16.091762045221756,57.31955984313662],[16.150261639999613,57.31735282265397],[16.22638775023456,57.289201693773],[16.249123400606738,57.32742127670066],[16.268921298402738,57.329420846760236],[16.270773359809464,57.343139099295826],[16.251198986666004,57.369785423540165],[16.39003972798376,57.36703039805422],[16.562963499088628,57.32372145287355],[16.564484753150527,57.32331836987473],[16.46476464764649,57.17767232009943],[16.58356583565839,57.04458161663432],[16.093960939609417,56.419198418631524],[16.039960399604013,56.25462389284131],[15.852758527585308,56.085756118552226],[15.571955719557224,56.205967076520736],[15.319953199532023,56.14013726620465],[14.686346863468657,56.14729268036943],[14.769147691476945,56.03137497089982],[14.477544775447768,56.03137497089982],[14.207542075420776,55.82100579445493],[14.36234362343626,55.523340565199604],[14.182341823418255,55.39024986173449],[13.883538835388379,55.43318234672323],[13.278732787327897,55.34588629391277],[12.958150998345086,55.4027039672538],[12.903257159209735,55.57077399324845],[13.062730627306308,55.675035345493185],[12.922329223292252,55.749451652807025],[12.504725047250503,56.27465905250273],[12.796327963279651,56.227433319015105],[12.61992619926201,56.419198418631524],[12.889928899289004,56.45497548945548],[12.871928719287212,56.64960275473781],[12.731527315273183,56.6467405890719],[12.598325983259855,56.82133269469281],[12.375123751237538,56.91149091316919]]],[[[16.57348160230642,56.81977609889261],[16.837661894380986,57.006725131241296],[17.033350999621412,57.330317723841425],[17.199686739075773,57.377821379018144],[16.41668091868653,56.207203913707026],[16.377792497065993,56.470095649402886],[16.57348160230642,56.81977609889261]]],[[[12.722287265538592,55.9091181298035],[12.705865362515883,55.88896397609381],[12.667423180439995,55.92068810693314],[12.694209816964682,55.92057882968161],[12.722287265538592,55.9091181298035]]]]}},{"type":"Feature","properties":{"zone":"EE"},"geometry":{"type":"MultiPolygon","coordinates":[[[[24.305643056430597,57.868885328418315],[25.26325263252633,58.074961256364304],[25.601656016560185,57.911817813407055],[26.00126001260014,57.84598800309098],[26.02646026460266,57.77443386144306],[26.498064980649815,57.5154078686776],[26.872468724687252,57.62703232964836],[27.351273512735133,57.52828761417423],[27.538475384753866,57.81164201509998],[27.70047700477008,57.824521760596596],[27.495274952749554,58.22093170532605],[27.556475564755658,58.39552381094697],[27.4088740887409,58.75472560201952],[27.696876968769715,58.97654344112806],[27.88407884078842,59.27563975321635],[28.18648186481866,59.37438446869048],[28.017280172801748,59.48171568116234],[27.873278732787355,59.40729937384852],[26.825668256682576,59.477422432663474],[25.72405724057242,59.666325366613975],[25.407254072540752,59.49173326099306],[25.14445144451446,59.53895899448068],[24.021240212402148,59.37867771718935],[24.093240932409344,59.31284790687326],[23.47043470434707,59.21267210856618],[23.409234092340938,59.025200257448645],[23.430834308343094,58.76474318185022],[23.531635316353174,58.74757018785472],[23.517235172351747,58.55437400540535],[23.664836648366503,58.5357699285769],[23.740437404374063,58.34257374612751],[24.111241112411136,58.24096686498747],[24.327243272432753,58.388368396782184],[24.528845288452914,58.351160243125264],[24.464044640446417,58.07209909069839],[24.305643056430597,57.868885328418315]]],[[[23.229232292322934,58.50428610625181],[22.89802898028981,58.62020381572144],[22.584825848258504,58.63451464405101],[22.11322113221135,58.49856177491998],[21.88641886418867,58.49856177491998],[22.01242012420127,58.35402240879118],[21.86841868418685,58.26529527314777],[22.20322203222034,58.14794648084518],[21.998019980199814,57.98337195505498],[22.18882188821891,57.98337195505498],[22.32202322023221,58.20662087699648],[22.667626676266792,58.22093170532605],[23.020430204302073,58.36260890578893],[23.229232292322934,58.50428610625181]]],[[[23.380433804338054,58.5801334963986],[23.286832868328702,58.665998466376095],[23.06003060030602,58.60303082172594],[23.380433804338054,58.5801334963986]]],[[[22.293222932229355,58.89497171964943],[22.55602556025562,58.68746470887048],[22.736027360273624,58.80624458400601],[23.04203042030423,58.84059057199701],[22.93402934029342,58.98369885529284],[22.59922599225993,59.08959898493177],[22.462424624246268,58.970819109796224],[22.055620556205582,58.95221503296777],[22.293222932229355,58.89497171964943]]]]}},{"type":"Feature","properties":{"zone":"LV"},"geometry":{"type":"MultiPolygon","coordinates":[[[[28.156495807785802,56.16068318571228],[28.164881648816504,56.43780249545998],[27.91701068606123,56.8133459350276],[27.660876608766102,56.839936771521266],[27.861305291501893,57.284391332346445],[27.351273512735133,57.52828761417423],[26.872468724687252,57.62703232964836],[26.498064980649815,57.5154078686776],[26.02646026460266,57.77443386144306],[26.00126001260014,57.84598800309098],[25.601656016560185,57.911817813407055],[25.26325263252633,58.074961256364304],[24.305643056430597,57.868885328418315],[24.406444064440677,57.345109011555564],[24.377643776437793,57.23062238491889],[23.952839528395316,57.01309779430923],[23.693636936369387,56.96730314365456],[23.25083250832509,57.114704675449275],[23.128431284312853,57.37086850254882],[22.6568265682657,57.585530927492556],[22.584825848258504,57.76012303311347],[21.998019980199814,57.59984175582214],[21.699216992169937,57.555478188000436],[21.422014220142216,57.28929678107019],[21.40041400414006,57.03742620246952],[21.06561065610657,56.8456611028531],[20.968409684096855,56.25319281000836],[21.054810548105507,56.07287637305561],[21.328413284132864,56.22457115334919],[22.09522095220953,56.41776733579856],[22.68202682026822,56.35050644264952],[22.887228872288745,56.407749755967856],[23.114031140311425,56.31043612332668],[23.286832868328702,56.37340376797685],[23.708037080370815,56.3547996911484],[24.107641076410772,56.26034822417314],[24.446044460444625,56.26034822417314],[24.89244892448926,56.43923357829294],[25.108451084510875,56.1830697511934],[25.662856628566317,56.14013726620465],[26.177661776617782,55.8496274511141],[26.278462784627862,55.74372732147519],[26.59526595265953,55.666448848495435],[26.822068220682212,55.70651916781827],[26.98046980469806,55.82673012578677],[27.59247592475927,55.79381522062873],[27.646476464764675,55.922612675594976],[27.912879128791303,56.10006694688181],[28.156495807785802,56.16068318571228]]]]}},{"type":"Feature","properties":{"zone":"LT"},"geometry":{"type":"MultiPolygon","coordinates":[[[[26.59526595265953,55.666448848495435],[26.278462784627862,55.74372732147519],[26.177661776617782,55.8496274511141],[25.662856628566317,56.14013726620465],[25.108451084510875,56.1830697511934],[24.89244892448926,56.43923357829294],[24.446044460444625,56.26034822417314],[24.107641076410772,56.26034822417314],[23.708037080370815,56.3547996911484],[23.286832868328702,56.37340376797685],[23.114031140311425,56.31043612332668],[22.887228872288745,56.407749755967856],[22.68202682026822,56.35050644264952],[22.09522095220953,56.41776733579856],[21.328413284132864,56.22457115334919],[21.054810548105507,56.07287637305561],[21.0728107281073,55.74515840430814],[21.22401224012242,55.52047839953369],[21.267212672126732,55.24857266127161],[22.098820988209894,55.02961698782899],[22.250022500225015,55.071118389984775],[22.58122581225814,55.058238644488156],[22.80802808028082,54.89366411869794],[22.68202682026822,54.45289060614678],[22.768427684276872,54.355576973505606],[22.85842858428586,54.39850945849436],[23.430834308343094,54.16953620522102],[23.4848348483485,53.93913186911473],[23.643236432364347,53.89906154979191],[24.201242012420153,53.952011614611365],[24.377643776437793,53.886181804295276],[24.788047880478814,53.96918460860687],[24.856448564485675,54.1466388798937],[25.072450724507263,54.132328051564116],[25.223652236522383,54.258263340864445],[25.47205472054722,54.29690257735432],[25.544055440554416,54.136621300062984],[25.738457384573877,54.1466388798937],[25.695256952569537,54.3212309855146],[25.52965529655299,54.345559393674904],[25.742057420574213,54.568808315616394],[25.78165781657819,54.869335710537655],[26.138061380613834,54.96951150884473],[26.31086310863111,55.14410361446565],[26.57726577265774,55.1183441234724],[26.800468004680056,55.272901069431896],[26.44406444064441,55.33729979691502],[26.59526595265953,55.666448848495435]]]]}},{"type":"Feature","properties":{"zone":"GB"},"geometry":{"type":"MultiPolygon","coordinates":[[[[-5.117451174511729,55.44033776088803],[-5.160651606516041,55.67646642832615],[-5.355053550535473,55.68934617382277],[-5.344253442534409,55.48327024587677],[-5.117451174511729,55.44033776088803]]],[[[-6.103861038610347,55.83102337428565],[-6.139861398613959,55.94121675242344],[-6.453064530645264,55.84104095411635],[-6.244262442624404,55.6607245171636],[-6.024660246602451,55.682190759657985],[-6.103861038610347,55.83102337428565]]],[[[-5.77985779857795,56.0213573910691],[-5.74745747457473,56.14156834903761],[-6.075060750607491,55.91545726143019],[-5.963459634596319,55.8052638832924],[-5.77985779857795,56.0213573910691]]],[[[-6.031860318603151,56.61955001524569],[-6.337863378633756,56.55228912209665],[-6.129061290612867,56.475010649116896],[-6.327063270632664,56.277521218168644],[-5.657456574565714,56.40059434180306],[-6.031860318603151,56.61955001524569]]],[[[-7.353073530735287,57.40807665620572],[-7.453874538745367,57.23634671625072],[-7.353073530735287,57.098962764286725],[-7.201872018720167,57.29072786390314],[-7.353073530735287,57.40807665620572]]],[[[-7.18747187471871,57.65565398630751],[-7.475474754747523,57.66137831763935],[-7.543875438754355,57.592686341657355],[-7.158671586715826,57.51111462017873],[-7.18747187471871,57.65565398630751]]],[[[-6.312663126631236,57.70287971979515],[-6.388263882638796,57.516838951510564],[-6.784267842678389,57.45673347252631],[-6.481864818648148,57.31219410639751],[-6.319863198631964,57.16049932610393],[-6.024660246602451,57.1962763969279],[-6.006660066600631,57.02883970547177],[-5.64665646656465,57.26496837290989],[-5.902259022590187,57.24350213041552],[-6.157861578615751,57.40807665620572],[-6.154261542615387,57.58982417599144],[-6.312663126631236,57.70287971979515]]],[[[-6.193861938619364,58.3568845744571],[-6.26586265862656,58.5114415204166],[-6.820268202682001,58.28533043280919],[-6.708667086670829,58.18944788300098],[-7.032670326703226,58.24526011348635],[-7.11187111871115,57.99052736921976],[-6.838268382683793,57.936146221567355],[-7.101071010710086,57.81164201509998],[-6.982269822698186,57.73436354212022],[-6.352263522635184,58.03918418554035],[-6.399063990639888,58.2094830426624],[-6.193861938619364,58.3568845744571]]],[[[-3.569435694356912,54.995270999837985],[-3.082230693004986,54.96219680051582],[-3.389433894338907,54.88364653886724],[-3.634236342363408,54.51299608513102],[-3.241832418324151,54.1122928919027],[-3.025830258302562,54.221055187207526],[-2.795427954279518,54.12517263739932],[-3.018630186301834,53.93197645494995],[-3.047430474304718,53.7688330119927],[-2.899828998289962,53.73591810683466],[-3.184231842318383,53.37671631576211],[-3.083430834308302,53.257936440626565],[-3.331833318333167,53.35238790760182],[-4.152641526415238,53.227883701134445],[-4.357843578435762,53.02896318735324],[-4.761047610476083,52.7899723542492],[-4.516245162451582,52.7899723542492],[-4.408244082440802,52.893010318222196],[-4.102241022410198,52.914476560716565],[-4.051840518405157,52.54239502414741],[-4.19584195841955,52.27907578288307],[-4.83304833048328,52.01861870728466],[-5.081450814508116,52.021480872950576],[-5.290252902529005,51.917011826144616],[-4.941049410494088,51.59644927156195],[-4.678246782467795,51.71809131236341],[-4.393843938439346,51.76388596301807],[-4.28944289442893,51.55494786940616],[-3.853838538385361,51.623639845388155],[-3.540635406354028,51.3989598406137],[-3.184231842318383,51.39752875778075],[-2.975429754297522,51.563534366403914],[-2.665826658266553,51.61791551405632],[-2.716227162271593,51.49913563892078],[-3.011430114301106,51.31166378780324],[-3.022230222302198,51.192883912667696],[-3.385833858338543,51.18572849850291],[-3.767437674376708,51.24726506032012],[-4.152641526415238,51.21148798949616],[-4.336243362433606,50.99682556455241],[-4.527045270452675,51.01542964138086],[-4.548645486454831,50.809353713434874],[-4.793447934479303,50.59469128849112],[-5.023850238502348,50.52456822967616],[-5.049050490504868,50.428685679867954],[-5.437854378543761,50.19398809526278],[-5.686256862568598,50.161073190104744],[-5.70425704257039,50.052310894799916],[-5.473854738547345,50.131020450612624],[-5.189451894518925,49.959290510657624],[-5.052650526505232,50.19541917809575],[-4.800648006480031,50.22976516608675],[-4.753847538475355,50.32994096439383],[-4.167041670416666,50.3757356150485],[-3.789037890378864,50.21259217209125],[-3.645036450364472,50.22547191758787],[-3.486634866348624,50.41151268587245],[-3.493834938349352,50.5474655550035],[-3.259832598325943,50.67483192713678],[-2.86382863828635,50.73350632328808],[-2.464224642246393,50.584673708660404],[-2.435424354243509,50.63762377347987],[-1.985419854198511,50.59612237132407],[-1.938619386193835,50.69057383829933],[-1.315813158131562,50.80076721643712],[-0.91980919809194,50.83654428726108],[-0.81180811808116,50.734937406121034],[-0.570605706057023,50.802198299270074],[-0.17460174601743,50.82938887309629],[0.271802718027203,50.74781715161767],[0.801008010080125,50.93958225123407],[0.981009810098129,50.9181160087397],[1.027810278102805,51.041189132374114],[1.355413554135566,51.13134735085049],[1.423814238142398,51.391804426448914],[0.977409774097765,51.34887194146016],[0.556205562055652,51.41183958611033],[0.455404554045572,51.50485997025261],[0.873008730087321,51.55924111790503],[0.977409774097765,51.823991442002324],[1.200612006120082,51.878372589654745],[1.582215822158247,52.08158635193482],[1.76941769417698,52.48658279366204],[1.643416434164379,52.77566152591962],[1.276212762127642,52.92878738904615],[0.57060570605708,52.968857708368986],[0.379803798038012,52.79140343708215],[0.009000090000939,52.88585490405741],[0.329403294032971,53.086206500671565],[0.343803438034399,53.226452618301494],[0.153001530015331,53.475461031236236],[-0.189001890018886,53.62000039736503],[0.135001350013539,53.64289772269237],[-0.217802178021742,54.02213467342632],[-0.07380073800735,54.1122928919027],[-0.397803978039747,54.26971200352811],[-0.563405634056323,54.47721901430707],[-1.103411034110309,54.62462054610178],[-1.297812978129741,54.78060857489423],[-1.521015210152086,55.167000939792985],[-1.63261632616323,55.58487712701681],[-1.816218162181599,55.6335339433374],[-2.021420214202124,55.8052638832924],[-2.147421474214724,55.91688834426314],[-2.633426334263305,56.05856554472602],[-2.802628026280246,56.064289876057856],[-3.09063090630903,55.94837216658823],[-3.57663576635764,56.017064142570234],[-3.177031770317683,56.05856554472602],[-2.96462964629643,56.205967076520736],[-2.575825758257565,56.28324554950048],[-2.83862838628383,56.36624835381207],[-2.885428854288506,56.457837655121395],[-2.529025290252889,56.58091077875581],[-2.439024390243873,56.735467724715306],[-2.21942219422192,56.87285167667932],[-1.981819818198147,57.31934952056231],[-1.758617586175831,57.47390646652181],[-1.931419314193107,57.68284456013373],[-3.079830798307967,57.6699648146371],[-3.490234902348988,57.71289729962585],[-3.591035910359068,57.64134315797793],[-4.249842498424954,57.496803791849146],[-3.789037890378864,57.83024609192843],[-4.041040410404065,57.81879742926476],[-4.077040770407677,57.94330163573214],[-3.220232202321995,58.305365592470594],[-3.087030870308666,58.414127887775436],[-3.018630186301834,58.64023897538284],[-3.346233462334595,58.65168763804651],[-3.810638106381049,58.5729780822338],[-4.660246602466003,58.5558050882383],[-4.987849878498764,58.62879031271919],[-5.171451714517104,58.35402240879118],[-5.095850958509544,58.27674393581144],[-5.394653946539449,58.24526011348635],[-5.301053010530069,58.070668007865436],[-5.448654486544825,58.08497883619502],[-5.095850958509544,57.87031641125127],[-5.365853658536565,57.94330163573214],[-5.455854558545553,57.853143417255765],[-5.614256142561402,57.928990807402556],[-5.808658086580834,57.844556920258015],[-5.65385653856535,57.53114977984015],[-5.837458374583719,57.57980659616072],[-5.808658086580834,57.35512659138627],[-5.599855998559946,57.279279201239476],[-5.873458734587331,56.8871625050089],[-5.851858518585146,56.746916387378974],[-6.222662226622248,56.695397405392484],[-5.895058950589487,56.675362245731066],[-6.003060030600267,56.61811893241273],[-5.668256682566806,56.49790797444423],[-5.268652686526849,56.712570399387985],[-5.59625596255961,56.25891714134019],[-5.509855098550958,56.188794082525234],[-5.69705697056969,55.98271815457923],[-5.614256142561402,55.76376248113661],[-5.783457834578314,55.31297138875473],[-5.513455134551322,55.37307686773899],[-5.491854918549166,55.644982606001065],[-5.319053190531889,55.78236655796506],[-5.333453334533317,55.896853184601724],[-4.9842498424984,55.871093693608486],[-4.851048510485072,56.11294669237844],[-4.786247862478604,55.95695866358598],[-4.919449194491904,55.70795025065124],[-4.617046170461663,55.4961499913734],[-5.00945009450092,55.14124144879973],[-5.128251282512792,54.84930055087624],[-4.8582485824858,54.63320704309953],[-4.955449554495516,54.810661314386365],[-4.8582485824858,54.86647354487174],[-4.37224372243719,54.681863859420105],[-4.404644046440438,54.907974947027526],[-3.965439654396505,54.77202207789648],[-3.843038430384269,54.86647354487174],[-3.598235982359796,54.877922207535406],[-3.569435694356912,54.995270999837985]]],[[[-1.081810818108153,50.713471163626664],[-1.294212942129406,50.773576642610905],[-1.495814958149566,50.67196976147086],[-1.168211682116805,50.60327778548887],[-1.081810818108153,50.713471163626664]]],[[[-4.098640986409833,53.30945542261307],[-4.275042750427474,53.40104472392241],[-4.570245702456987,53.39245822692466],[-4.411844118441167,53.132001151326236],[-4.098640986409833,53.30945542261307]]],[[[-2.727027270272686,58.970819109796224],[-3.130231302313007,59.00516509778723],[-2.993429934299314,59.07385707376922],[-3.324633246332439,59.12680713858869],[-3.367833678336751,59.016613760450895],[-3.202232022320203,58.9164379621438],[-2.982629826298222,58.96080152996552],[-2.83862838628383,58.8820919741528],[-2.727027270272686,58.970819109796224]]]]}},{"type":"Feature","properties":{"zone":"GB-NIR"},"geometry":{"type":"MultiPolygon","coordinates":[[[[-7.248672486724843,55.06968730715181],[-7.403474034740327,55.003857496835735],[-7.543875438754355,54.74196933840436],[-7.846278462784596,54.73052067574069],[-7.752677526775244,54.614602966271065],[-8.173881738817357,54.46147710314453],[-7.835478354783532,54.203882193212024],[-7.309873098730947,54.115155057568614],[-7.050670506705046,54.41138920399098],[-6.615066150661477,54.03787658458886],[-6.269462694626924,54.09798206357311],[-6.039060390603879,54.03644550175591],[-5.862658626586239,54.23107276703824],[-5.55305553055527,54.29833366018728],[-5.707857078570754,54.35128372500674],[-5.574655746557426,54.52873799629357],[-5.502655026550229,54.33983506234307],[-5.434254342543397,54.4657703516434],[-5.535055350553478,54.65753545125982],[-5.72945729457291,54.72908959290774],[-6.100261002610011,55.212795590447655],[-6.474664746647449,55.24857266127161],[-6.964269642696394,55.19419151361919],[-7.065070650706474,55.04392781615857],[-7.248672486724843,55.06968730715181]]]]}},{"type":"Feature","properties":{"zone":"IE"},"geometry":{"type":"MultiPolygon","coordinates":[[[[-7.248672486724843,55.06968730715181],[-6.942669426694238,55.21851992177949],[-7.385473854738507,55.38595661323561],[-7.525875258752563,55.2900740634274],[-7.468274682746795,55.04392781615857],[-7.644676446764436,55.272901069431896],[-7.792277922779192,55.205640176282856],[-8.278282782827802,55.159845525628185],[-8.46188461884617,54.94088985218556],[-8.325083250832478,54.83785188821257],[-8.555485554855522,54.82783430838185],[-8.796687966879631,54.699036853415606],[-8.674286742867395,54.61889621476995],[-8.119881198811953,54.64608678859615],[-8.271082710827073,54.52301366496174],[-8.66348663486633,54.35987022200449],[-8.46908469084687,54.2768674176929],[-9.052290522905196,54.28974716318953],[-9.135091350913484,54.145207797060735],[-9.217892178921772,54.28116066619178],[-9.84429844298441,54.3283863996794],[-10.009900099000959,54.21819302154161],[-9.811898118981162,53.94199403478065],[-9.909099090990878,53.85899123046907],[-9.56709567095669,53.89906154979191],[-9.56709567095669,53.7960235858189],[-9.909099090990878,53.7616775978279],[-9.855098550985474,53.61856931453207],[-10.179101791017871,53.55560166988191],[-10.024300243002386,53.38530281275986],[-9.59949599495991,53.36526765309844],[-9.613896138961366,53.236470198132196],[-8.944289442894387,53.26795402045728],[-8.937089370893688,53.14631197965582],[-9.271892718927148,53.14631197965582],[-9.477094770947673,52.94023605170982],[-9.354693546935437,52.93308063754503],[-9.498694986949829,52.75276420059228],[-9.822698226982226,52.595345088966866],[-9.552695526955233,52.63970865678857],[-9.145891458914548,52.623966745626035],[-9.001890018900156,52.75991961475707],[-8.958689586895844,52.652588402285204],[-9.271892718927148,52.5767410121384],[-9.61749617496173,52.5767410121384],[-9.678696786967834,52.48372062799612],[-9.948699486994826,52.4121664863482],[-9.873098730987266,52.23328113222841],[-10.171901719017171,52.28623119704787],[-10.459904599045956,52.18033106740894],[-10.459904599045956,52.1030525944292],[-9.909099090990878,52.130243168255404],[-10.265502655026523,51.98856596779254],[-10.380703807038032,51.878372589654745],[-10.085500855008519,51.75529946602032],[-9.736297362973602,51.83687118749894],[-10.089100891008883,51.67229666170874],[-10.02790027900275,51.59644927156195],[-9.523895238952349,51.72667780936116],[-9.545495454954533,51.610760099891536],[-9.81909819098189,51.44618557410132],[-9.401494014940113,51.54636137240841],[-9.271892718927148,51.50772213591853],[-8.8542885428854,51.59644927156195],[-8.69588695886955,51.57641411190053],[-8.245882458824553,51.802525199507954],[-8.004680046800445,51.82971577333416],[-7.828278282782804,51.95278889696857],[-7.590675906759031,51.991428133458456],[-7.435874358743547,52.125949919756536],[-6.895868958689562,52.15170941074979],[-6.831068310683065,52.2404365463932],[-6.370263702637004,52.18033106740894],[-6.388263882638796,52.35921642152874],[-6.208262082620791,52.54525718981333],[-6.21546215462152,52.66546814778182],[-5.995859958599567,52.96456445987012],[-6.121861218612167,53.39245822692466],[-6.093060930609283,53.57706791237628],[-6.222662226622248,53.645759888358285],[-6.244262442624404,53.86471556180091],[-6.348663486634848,54.003530596597855],[-6.111061110611075,54.00066843093194],[-6.269462694626924,54.09798206357311],[-6.615066150661477,54.03787658458886],[-7.050670506705046,54.41138920399098],[-7.309873098730947,54.115155057568614],[-7.835478354783532,54.203882193212024],[-8.173881738817357,54.46147710314453],[-7.752677526775244,54.614602966271065],[-7.846278462784596,54.73052067574069],[-7.543875438754355,54.74196933840436],[-7.403474034740327,55.003857496835735],[-7.248672486724843,55.06968730715181]]],[[[-9.963099630996282,53.953442697444316],[-9.97749977499771,54.02070359059336],[-10.265502655026523,53.982064354103485],[-9.963099630996282,53.953442697444316]]]]}},{"type":"Feature","properties":{"zone":"PT"},"geometry":{"type":"MultiPolygon","coordinates":[[[[-8.87948879488792,41.73628855247905],[-8.656286562865603,40.99355656217368],[-8.865088650886491,40.27515298002861],[-8.868688686886827,40.12488928256798],[-9.070290702906988,39.679822521517934],[-9.340293402934009,39.26623958279298],[-9.49149491494913,38.70811727793924],[-9.124375939262388,38.71367677434115],[-9.253892538925356,38.665184792950484],[-9.199891998919952,38.41188313151686],[-8.95508955089548,38.50490351565915],[-8.796687966879631,38.3589330666974],[-8.775087750877475,38.1872031267424],[-8.893888938889347,37.95250554213723],[-8.821888218882151,37.92674605114398],[-8.796687966879631,37.49026578709169],[-8.998289982899792,37.02087061788136],[-8.627486274862719,37.12104641618845],[-8.177481774817721,37.0881315110304],[-7.821078210782076,36.99940437538699],[-7.414274142741391,37.19260055783636],[-7.529475294752928,37.56754426007144],[-7.273872738727363,37.97683395029752],[-7.025470254702526,38.02262860095219],[-6.946269462694602,38.197220706573106],[-7.10467104671045,38.17289229841282],[-7.360273602735987,38.44622911950786],[-7.270272702726999,38.73817001743136],[-7.057870578705746,38.85551880973394],[-6.975069750697486,39.01436900419232],[-7.165871658716554,39.113113719666444],[-7.327873278732767,39.34065589010682],[-7.313473134731311,39.458004682409396],[-7.558275582755812,39.679822521517934],[-7.03627036270359,39.68984010134865],[-6.881468814688105,40.00897157309835],[-7.043470434704318,40.18070151305335],[-6.795067950679481,40.35672470150723],[-6.856268562685585,40.442589671484725],[-6.838268382683793,40.84043069904715],[-6.942669426694238,41.016453887501015],[-6.816668166681637,41.053662041157935],[-6.647466474664725,41.26832446610169],[-6.496264962649605,41.29551503992789],[-6.204662046620427,41.57028294385589],[-6.579065790657864,41.73915071814497],[-6.568265682656801,41.92662256926252],[-7.144271442714398,41.988159131079726],[-7.252272522725207,41.86365492461235],[-7.62307623076228,41.83217110228726],[-7.720277202771996,41.8994319954363],[-8.181081810818085,41.81070485979289],[-8.094680946809433,42.04110919589918],[-8.220682206822033,42.15416473970289],[-8.627486274862719,42.051126775729884],[-8.875259225556448,41.86941312236057],[-8.87948879488792,41.73628855247905]]]]}},{"type":"Feature","properties":{"zone":"BG"},"geometry":{"type":"MultiPolygon","coordinates":[[[[26.332463324633267,41.71339122715172],[26.548465484654855,41.92662256926252],[27.272072720727238,42.09119709505272],[27.545675456754594,41.90086307826927],[27.80847808478086,41.99388346241156],[28.017280172801748,41.972417219917176],[27.628476284762854,42.45898538312301],[27.452074520745214,42.46470971445484],[27.74367743677439,42.716580293055515],[27.891278912789147,42.71085596172368],[27.88407884078842,43.00852119097901],[28.157681576815776,43.40779330137438],[28.474484744847473,43.366291899218595],[28.604086040860437,43.538021839173595],[28.578885788857917,43.74123560145368],[28.222482224822272,43.7612707611151],[27.981279812798135,43.84999789675851],[27.912879128791303,43.99310618005434],[27.38367383673838,44.014572422548724],[27.027270272702737,44.177715865505974],[26.152461524615262,44.01171025688281],[25.78165781657819,43.73264910445593],[25.360453604536076,43.65393954864322],[24.964449644496455,43.74982209845143],[24.50004500045003,43.79990999760497],[24.158041580415812,43.75268426411735],[23.32643326433265,43.88720605041543],[22.919629196291993,43.83425598559597],[22.887228872288745,43.994537262887306],[23.031230312303137,44.09328197836143],[22.692826928269312,44.22780376465951],[22.60642606426066,44.07897115003185],[22.401224012240135,43.99310618005434],[22.350823508235095,43.80849649460272],[22.520025200252036,43.47362311169047],[22.980829808298097,43.19885520776246],[22.725227252272532,42.88687915017755],[22.50562505625058,42.86970615618205],[22.426424264242655,42.57347200975968],[22.509225092250944,42.4046042354706],[22.343623436234395,42.31301493416126],[22.5308253082531,42.12840524870964],[22.844028440284433,42.01391862207298],[23.00963009630098,41.716253392817634],[22.91602916029163,41.33558535925073],[23.114031140311425,41.31268803392339],[23.286832868328702,41.398553003900886],[23.6108361083611,41.37136243007468],[23.625236252362555,41.37708676140652],[23.62883628836289,41.37851784423947],[24.046440464404668,41.52591937603418],[24.510845108451093,41.561696446858136],[24.773647736477386,41.34846510474735],[24.88524885248853,41.39998408673385],[25.158851588515915,41.305532619758594],[25.284852848528516,41.23970280944252],[25.551255512555144,41.31555019958931],[25.88245882458827,41.30410153692564],[26.120061200612014,41.358482684578064],[26.163261632616354,41.51733287903643],[26.048060480604818,41.68906281899143],[26.332463324633267,41.71339122715172]]]]}},{"type":"Feature","properties":{"zone":"RO"},"geometry":{"type":"MultiPolygon","coordinates":[[[[28.578885788857917,43.74123560145368],[28.67248672486727,44.00312375988506],[28.64008640086402,44.32797956296659],[28.910089100891014,44.58414339006613],[28.863288632886338,44.89182619915218],[28.971289712897146,45.01060607428772],[29.097290972909747,44.77590848968255],[29.61929619296194,44.86177345966004],[29.658896588965916,45.21525091940076],[29.65169651696519,45.34547945719997],[29.320493204932063,45.44422417267408],[28.776887768877714,45.230992830563295],[28.330483304833052,45.322582131872636],[28.200882008820116,45.461397166669585],[28.08568085680858,46.000915394694886],[28.247682476824792,46.42737807891646],[28.233282332823336,46.662075663521634],[28.02808028080281,47.03272611725784],[27.804878048780495,47.14435057822858],[27.563675636756386,47.467775298477164],[27.304473044730457,47.66669581225838],[27.171271712717157,47.974378621344414],[26.998469984699852,48.16614372096083],[26.616866168661716,48.259164105103125],[26.303663036630383,48.2119383716155],[26.174061740617418,47.99298269817288],[25.26325263252633,47.89853123119762],[25.122851228512303,47.76973377623138],[24.896048960489622,47.70962829724712],[24.561245612456133,47.94003263335341],[24.230042300423037,47.89710014836467],[23.78003780037801,47.98725836684105],[23.358833588335898,47.99298269817288],[23.11763117631179,48.09172741364701],[22.876428764287652,47.94718804751821],[22.746827468274688,47.82554600671675],[22.260822608226107,47.715352628578955],[21.98721987219875,47.49353478947042],[21.771217712177133,47.11429783873646],[21.63441634416347,47.02270853742712],[21.504815048150505,46.72361222533884],[21.317613176131772,46.61628101286696],[21.13401134011343,46.2785454642888],[20.83880838808389,46.271390050124],[20.608406084060874,46.12971284966113],[20.241202412024137,46.10824660716675],[20.338403384033853,45.992328897697135],[20.784807848078515,45.75190698176013],[20.759607596075995,45.49288098899467],[20.98280982809831,45.33259971170334],[21.494014940149412,45.1451278605858],[21.353613536135384,44.98913983179334],[21.522815228152297,44.88037753648851],[21.360813608136112,44.82599638883609],[21.656016560165625,44.68718135403914],[22.005220052200542,44.65140428321517],[22.185221852218547,44.51545141408414],[22.426424264242655,44.732976004693796],[22.76482764827651,44.58271230723318],[22.484024840248424,44.49970950292159],[22.692826928269312,44.22780376465951],[23.031230312303137,44.09328197836143],[22.887228872288745,43.994537262887306],[22.919629196291993,43.83425598559597],[23.32643326433265,43.88720605041543],[24.158041580415812,43.75268426411735],[24.50004500045003,43.79990999760497],[24.964449644496455,43.74982209845143],[25.360453604536076,43.65393954864322],[25.78165781657819,43.73264910445593],[26.152461524615262,44.01171025688281],[27.027270272702737,44.177715865505974],[27.38367383673838,44.014572422548724],[27.912879128791303,43.99310618005434],[27.981279812798135,43.84999789675851],[28.222482224822272,43.7612707611151],[28.578885788857917,43.74123560145368]]]]}},{"type":"Feature","properties":{"zone":"GR"},"geometry":{"type":"MultiPolygon","coordinates":[[[[20.204167224504612,39.64823065325469],[20.392403924039257,39.8358105503104],[20.30960309603097,39.9903674962699],[20.640806408064094,40.090543294576975],[20.73800738007381,40.3094989680196],[21.036810368103687,40.64007910243298],[20.96480964809649,40.8490171960449],[21.209612096120992,40.869052355706316],[21.260012600126032,40.860465858708565],[21.429214292142944,40.90912267502914],[21.50841508415087,40.90053617803139],[21.764017640176434,40.92343350335872],[21.897218972189734,41.08085261498414],[22.206822068220703,41.16099325362981],[22.42282422824229,41.11519860297514],[22.660426604266064,41.17244191629348],[22.74675617551643,41.1523240715676],[22.750427504275052,41.31555019958931],[22.826028260282612,41.34130969058256],[22.91602916029163,41.33558535925073],[23.114031140311425,41.31268803392339],[23.286832868328702,41.398553003900886],[23.6108361083611,41.37136243007468],[23.625236252362555,41.37708676140652],[23.62883628836289,41.37851784423947],[24.046440464404668,41.52591937603418],[24.510845108451093,41.561696446858136],[24.773647736477386,41.34846510474735],[24.88524885248853,41.39998408673385],[25.158851588515915,41.305532619758594],[25.284852848528516,41.23970280944252],[25.551255512555144,41.31555019958931],[25.88245882458827,41.30410153692564],[26.120061200612014,41.358482684578064],[26.163261632616354,41.51733287903643],[26.048060480604818,41.68906281899143],[26.332463324633267,41.71339122715172],[26.59526595265953,41.61178434601169],[26.634866348663508,41.37851784423947],[26.332463324633267,41.254013637772104],[26.357663576635787,40.96493490551451],[26.044460444604454,40.738823817907104],[25.9508595085951,40.84615503037898],[25.536855368553717,40.87048343853927],[25.040050400504015,41.00643630767031],[24.80244802448027,40.853310444543766],[24.56844568445686,40.95205516001789],[24.111241112411136,40.727375155243436],[23.85563855638557,40.78175630289586],[23.690036900369023,40.69589133291835],[24.003240032400356,40.38677744099935],[24.233642336423372,40.316654382184396],[24.29844298442987,40.127751448233894],[24.003240032400356,40.31951654785031],[23.700837008370115,40.3266719620151],[23.992439924399264,40.119164951236144],[23.992439924399264,39.95315934261298],[23.675636756367595,40.21790966671027],[23.398433984339874,40.278015145694525],[23.337233372333742,40.20789208687955],[23.70443704437045,39.91308902329014],[23.358833588335898,39.96174583961073],[23.297632976329794,40.23508266070577],[23.027630276302773,40.32524087918215],[22.82242822428225,40.50269515046898],[22.9088290882909,40.644372350931846],[22.577625776257776,40.46834916247798],[22.660426604266064,40.36960444700385],[22.552425524255256,40.166390684723766],[22.926829268292693,39.599681882872275],[23.103231032310333,39.49807500173223],[23.34443344433447,39.17894352998252],[22.937629376293785,39.360691049768235],[22.854828548285496,39.1589083703211],[23.07443074430745,39.04299066085149],[22.995229952299553,38.962850022205814],[22.768427684276872,38.78539575091898],[23.31923319233195,38.6437185504561],[23.35163351633517,38.502041349993235],[23.52083520835211,38.49059268732957],[23.639565325038234,38.418408304191054],[23.63603636036362,38.52923192381944],[23.204032040320413,38.829759318740685],[22.970029700297033,38.888433714891974],[23.297632976329794,39.04299066085149],[23.592835928359307,38.77394708825531],[24.071640716407188,38.67949562128007],[24.230042300423037,38.52207650965465],[24.186841868418696,38.40758988301798],[24.345243452434545,38.158581470083234],[24.586445864458653,38.158581470083234],[24.55044550445507,37.978265033130484],[24.370443704437065,37.97254070179865],[24.024840248402512,38.330311410038234],[24.03924039240394,38.39471013752136],[23.64358535261525,38.41596424687059],[23.765637656376583,38.3417600727019],[24.078840788407916,38.16573688424802],[23.9888398883989,38.12280439925928],[24.082440824408252,37.75215394552306],[24.032040320403212,37.651978147215985],[23.765637656376583,37.816552673006186],[23.582035820358215,38.04695700911249],[23.1608316083161,37.941056879473564],[23.013230132301345,37.84803649533127],[23.182431824318257,37.8093972588414],[23.18603186031862,37.60904566222723],[23.524435244352475,37.4387468051052],[23.441634416344186,37.414418396944896],[23.07443074430745,37.35574400079361],[23.132031320313217,37.4487643849359],[22.721627216272168,37.54178476907819],[23.114031140311425,36.78187978477732],[23.02403024030241,36.71604997446124],[23.196831968319714,36.43269557353548],[22.818828188281913,36.66453099247474],[22.76482764827651,36.80477711010465],[22.577625776257776,36.78331086761028],[22.512825128251308,36.467041561526486],[22.35442354423546,36.51140512934819],[22.358023580235823,36.70173914613166],[22.1528215282153,37.02087061788136],[21.93681936819371,36.97936921572557],[21.875618756187578,36.726067554291944],[21.706417064170665,36.81765685560127],[21.56601566015661,37.1568234870124],[21.681216812168145,37.37864132612094],[21.55161551615518,37.56181992873961],[21.12321123211234,37.83801891550057],[21.368013680136812,38.121373316426315],[21.37521375213754,38.22011803190044],[21.60201602016022,38.151426055918435],[21.764017640176434,38.29596542204723],[21.954819548195502,38.33603574137007],[22.358023580235823,38.1628747185821],[22.854828548285496,38.03550834644882],[23.078030780307813,38.05983675460911],[23.214832148321506,38.160012552916186],[22.692826928269312,38.321724913040484],[21.850418504185058,38.38755472335656],[21.522815228152297,38.29596542204723],[21.371613716137176,38.40758988301798],[21.155611556115588,38.30455191904498],[21.087210872108727,38.53638733798424],[20.817208172081735,38.921348620050026],[21.026010260102623,38.93279728271369],[21.062010620106207,39.038697412352604],[20.68760687606877,39.07304340034361],[20.367203672036737,39.28770582528736],[20.13320133201333,39.52955882405732],[20.18360183601837,39.62401029103256],[20.0,39.69413334984752],[20.204167224504612,39.64823065325469]]],[[[23.052692447849807,36.13365396974298],[22.9088290882909,36.206584485928076],[22.926844065182163,36.360914155919495],[23.013230132301345,36.308191367068105],[23.052692447849807,36.13365396974298]]],[[[24.53244532445325,38.795413330749696],[24.4928449284493,38.981454099034266],[24.67644676446767,38.809724159079266],[24.53244532445325,38.795413330749696]]],[[[20.81360813608137,37.651978147215985],[20.619206192061938,37.82227700433802],[20.684006840068434,37.929608216809896],[20.900009000090023,37.7922242648459],[20.81360813608137,37.651978147215985]]],[[[20.51120511205113,38.11135573659561],[20.489604896048974,38.31313841604273],[20.572405724057262,38.473419693334066],[20.799207992079943,38.13139089625703],[20.734407344073475,38.062698920275025],[20.51120511205113,38.11135573659561]]],[[[20.68760687606877,38.8497944784021],[20.72000720007202,38.637994219124266],[20.58680586805869,38.61795905946286],[20.68760687606877,38.8497944784021]]],[[[20.096920665855894,39.36448691787331],[19.8667986679867,39.4680222622401],[19.62559625596259,39.74851449749994],[19.852398523985272,39.82436188764673],[19.931599315993168,39.478039842070814],[20.09360093600938,39.43367627424911],[20.096920665855894,39.36448691787331]]],[[[24.780847808478114,40.62004394277156],[24.51804518045182,40.63864801960001],[24.64404644046442,40.80465362822318],[24.788047880478814,40.73453056940822],[24.780847808478114,40.62004394277156]]],[[[26.231662316623186,37.57183750857031],[25.979659796597986,37.54894018324299],[26.073260732607338,37.6376673188864],[26.36126361263615,37.68632413520699],[26.231662316623186,37.57183750857031]]],[[[26.861668616686188,37.643391650218234],[26.580865808658103,37.740705282859395],[26.843668436684396,37.8093972588414],[27.048870488704893,37.727825537362776],[26.861668616686188,37.643391650218234]]],[[[26.163261632616354,38.30312083621202],[26.00846008460087,38.15715038725027],[25.868058680586813,38.26018835122328],[25.990459904599078,38.34319115553485],[25.85005850058502,38.58075090580594],[26.163261632616354,38.54211166931607],[26.163261632616354,38.30312083621202]]],[[[26.422464224642255,38.96714327070468],[26.16686166861672,39.02295550119007],[25.835658356583593,39.17894352998252],[25.85725857258575,39.25908416862819],[26.34326343263433,39.383588375095556],[26.61326613266135,39.04871499218331],[26.422464224642255,38.96714327070468]]],[[[25.349653496534984,39.78715373398981],[25.198451984519863,39.89305386362872],[25.047250472504743,39.83724163314335],[25.032850328503315,39.994660744768765],[25.28845288452885,39.96174583961073],[25.450454504545064,40.03616214692457],[25.349653496534984,39.78715373398981]]],[[[28.06048060480606,36.1164262674517],[27.779677796777975,35.89031517984428],[27.68247682476826,36.15792766960749],[27.898478984789875,36.33967518939319],[28.240482404824064,36.43269557353548],[28.06048060480606,36.1164262674517]]],[[[27.354873548735497,36.86345150625594],[26.919269192691957,36.71604997446124],[27.279272792727937,36.90781507407765],[27.354873548735497,36.86345150625594]]],[[[25.594455944559456,37.099580173694065],[25.450454504545064,36.91783265390836],[25.342453424534256,37.07668284836673],[25.526055260552624,37.19689380633524],[25.594455944559456,37.099580173694065]]],[[[24.91764917649178,37.719239040365025],[24.68364683646837,37.93247038247581],[24.95364953649539,37.90527980864961],[24.99324993249934,37.76789585668561],[24.91764917649178,37.719239040365025]]],[[[26.29286292862929,35.13613452687524],[26.148861488614898,35.00161274057716],[25.98325983259835,35.03882089423408],[25.097650976509783,34.937214013094035],[24.737647376473774,34.9314896817622],[24.70884708847089,35.0960642075524],[24.402844028440313,35.19051567452766],[24.032040320403212,35.197671088692445],[23.517235172351747,35.293553638500654],[23.60363603636037,35.61268511025037],[23.718837188371907,35.512509311943276],[24.183241832418332,35.58549453642415],[24.27324273242735,35.36510778014858],[24.971649716497183,35.42521325913282],[25.05445054450547,35.35509020031786],[25.482854828548312,35.29784688699954],[25.767257672576733,35.33505504065644],[25.817658176581773,35.11609936721382],[26.321663216632174,35.315019880995024],[26.29286292862929,35.13613452687524]]]]}},{"type":"Feature","properties":{"zone":"HR"},"geometry":{"type":"MultiPolygon","coordinates":[[[[19.02248986302139,44.85584937334838],[19.060390603906058,45.14655894341875],[19.391593915939183,45.16945626874609],[19.3627936279363,45.2481658245588],[19.00279002790029,45.365514616861375],[19.017190171901746,45.56729729630851],[18.847988479884833,45.80915029507847],[18.90198901989021,45.93079233587993],[18.67518675186753,45.91075717621851],[18.412384123841264,45.74332048476238],[17.868778687786886,45.7733732242545],[17.591575915759165,45.93651666721175],[17.346773467734693,45.955120744040215],[17.195571955719572,46.12112635266338],[16.97596975969762,46.20985348830679],[16.864368643686447,46.358686102934456],[16.51516515165153,46.5017943862303],[16.234362343623445,46.49320788923255],[16.28116281162815,46.37585909692996],[15.661956619566212,46.215577819638625],[15.665556655566576,45.8320476204058],[15.25155251552519,45.707543413938424],[15.363153631536335,45.481432326331],[15.139951399514018,45.42991334434451],[14.668346683466865,45.53438239115046],[14.556745567455692,45.65602443195192],[14.373143731437324,45.477139077832135],[13.973539735397367,45.514347231489054],[13.890738907389107,45.42418901301268],[13.588335883358866,45.4885877404958],[13.505535055350578,45.51148506582314],[13.613536135361386,45.117937286759584],[13.962739627396303,44.811685560506504],[14.164341643416464,44.99629524595814],[14.329943299433012,45.35406595419771],[14.581945819458213,45.285373978215716],[14.826748267482685,45.113644038260716],[14.920349203492066,44.95908709230122],[14.902349023490245,44.69004351970504],[15.30915309153093,44.35373905395984],[15.111151111511134,44.26501191831643],[15.46755467554678,43.92155203840643],[15.931959319593204,43.67683687397056],[15.975159751597545,43.50367585118259],[16.335163351633526,43.550901584670214],[16.882368823688267,43.40636221854143],[17.073170731707336,43.2389255270853],[17.5842850775804,42.9386607636861],[17.710770479444534,42.97120312435989],[17.643229730876307,43.08847842414654],[17.430169369483806,43.17996543811623],[17.238772387723884,43.47791636018934],[17.062370623706272,43.52800425934288],[16.717339835316587,43.82890881957888],[16.216362163621653,44.207768604998094],[16.205446623643855,44.35531018109108],[15.89595895958962,44.71866517636421],[15.74278285704577,44.793247081213686],[15.737557375573772,44.94477626397163],[15.791557915579176,45.18949142840751],[15.823958239582424,45.21095767090188],[15.9967599675997,45.218113085066676],[16.21276212762129,45.03207231678209],[16.345963459634618,45.020623654118424],[16.48276482764831,45.19950900823821],[16.78516785167855,45.179473848576805],[16.92556925569258,45.28394289538275],[17.098370983709856,45.17804276574384],[17.188371883718872,45.14799002625172],[17.742777427774286,45.133679197922135],[17.79677796777969,45.08216021593563],[18.14238142381427,45.09790212709818],[18.45198451984521,45.08502238160155],[18.491584915849188,45.06212505627421],[18.539616998505227,45.087696690866295],[18.689586895868985,45.08072913310268],[18.842983688046388,44.85584937334838],[19.02248986302139,44.85584937334838]]],[[[17.652776527765297,42.89117239867643],[17.238772387723884,43.022832019308595],[17.440374403744045,42.87399940468093],[17.807578075780782,42.812462842863724],[18.495184951849552,42.41605289813427],[18.437584375843784,42.5591611814301],[18.36918369183695,42.574903092592635],[17.652776527765297,42.89117239867643]]],[[[17.130771307713104,42.96988195448914],[16.637566375663766,42.934104883665185],[17.199171991719936,42.92122513816855],[17.130771307713104,42.96988195448914]]],[[[16.69156691566917,43.127301066114555],[16.518765187651894,43.2289079472546],[16.371163711637138,43.195993042096546],[16.69156691566917,43.127301066114555]]],[[[16.500765007650102,43.28472017773997],[16.89316893168933,43.311910751566174],[16.425164251642542,43.3934824730448],[16.500765007650102,43.28472017773997]]],[[[14.877148771487725,44.559814981905845],[14.89874898748991,44.49112300592384],[15.255152551525526,44.33942822563026],[14.902349023490245,44.609902881059384],[14.877148771487725,44.559814981905845]]],[[[14.51354513545138,44.66285294587884],[14.466744667446704,44.983415500461504],[14.301143011430128,44.94334518113867],[14.427144271442728,44.657128614547005],[14.51354513545138,44.66285294587884]]],[[[14.72234722347227,44.94334518113867],[14.815948159481621,44.97769116912967],[14.56394563945642,45.24959690739176],[14.423544235442364,45.087884547267464],[14.72234722347227,44.94334518113867]]]]}},{"type":"Feature","properties":{"zone":"RS"},"geometry":{"type":"MultiPolygon","coordinates":[[[[19.193591935919386,43.53229750784176],[19.618396183961863,43.16880246827034],[19.927999279992832,43.11442132061792],[20.34560345603458,42.82677367119331],[20.669606696066978,43.11012807211905],[20.597605976059782,43.18454437943289],[20.8208082080821,43.25752960391377],[20.83880838808389,43.17023355110331],[21.09081090810909,43.090092912457635],[21.378813788137904,42.74377086688172],[21.764017640176434,42.66935455956789],[21.562415624156273,42.24575404101222],[22.260822608226107,42.36882716464663],[22.343623436234395,42.31301493416126],[22.509225092250944,42.4046042354706],[22.426424264242655,42.57347200975968],[22.50562505625058,42.86970615618205],[22.725227252272532,42.88687915017755],[22.980829808298097,43.19885520776246],[22.520025200252036,43.47362311169047],[22.350823508235095,43.80849649460272],[22.401224012240135,43.99310618005434],[22.60642606426066,44.07897115003185],[22.692826928269312,44.22780376465951],[22.484024840248424,44.49970950292159],[22.76482764827651,44.58271230723318],[22.426424264242655,44.732976004693796],[22.185221852218547,44.51545141408414],[22.005220052200542,44.65140428321517],[21.656016560165625,44.68718135403914],[21.360813608136112,44.82599638883609],[21.522815228152297,44.88037753648851],[21.353613536135384,44.98913983179334],[21.494014940149412,45.1451278605858],[20.98280982809831,45.33259971170334],[20.759607596075995,45.49288098899467],[20.784807848078515,45.75190698176013],[20.338403384033853,45.992328897697135],[20.241202412024137,46.10824660716675],[19.927999279992832,46.164058837652135],[19.54999549995503,46.164058837652135],[19.261992619926218,45.98088023503347],[19.06399063990642,46.01236405735855],[18.90198901989021,45.93079233587993],[18.847988479884833,45.80915029507847],[19.017190171901746,45.56729729630851],[19.00279002790029,45.365514616861375],[19.3627936279363,45.2481658245588],[19.391593915939183,45.16945626874609],[19.060390603906058,45.14655894341875],[19.02248986302139,44.85584937334838],[19.35559355593557,44.896119447651046],[19.17919179191793,44.53834873941146],[19.175591755917566,44.2864781608108],[19.618396183961863,44.036038665043094],[19.240392403924062,43.953035860731504],[19.459994599946015,43.76270184394805],[19.48159481594817,43.56091916450093],[19.193591935919386,43.53229750784176]]]]}},{"type":"Feature","properties":{"zone":"BA"},"geometry":{"type":"MultiPolygon","coordinates":[[[[19.02248986302139,44.85584937334838],[18.842983688046388,44.85584937334838],[18.689586895868985,45.08072913310268],[18.539616998505227,45.087696690866295],[18.491584915849188,45.06212505627421],[18.45198451984521,45.08502238160155],[18.14238142381427,45.09790212709818],[17.79677796777969,45.08216021593563],[17.742777427774286,45.133679197922135],[17.188371883718872,45.14799002625172],[17.098370983709856,45.17804276574384],[16.92556925569258,45.28394289538275],[16.78516785167855,45.179473848576805],[16.48276482764831,45.19950900823821],[16.345963459634618,45.020623654118424],[16.21276212762129,45.03207231678209],[15.9967599675997,45.218113085066676],[15.823958239582424,45.21095767090188],[15.791557915579176,45.18949142840751],[15.737557375573772,44.94477626397163],[15.74278285704577,44.793247081213686],[15.89595895958962,44.71866517636421],[16.205446623643855,44.35531018109108],[16.216362163621653,44.207768604998094],[16.717339835316587,43.82890881957888],[17.062370623706272,43.52800425934288],[17.238772387723884,43.47791636018934],[17.430169369483806,43.17996543811623],[17.643229730876307,43.08847842414654],[17.710770479444534,42.97120312435989],[17.5842850775804,42.9386607636861],[17.652776527765297,42.89117239867643],[18.36918369183695,42.574903092592635],[18.437584375843784,42.5591611814301],[18.516785167851708,42.603524749251804],[18.45198451984521,42.992779279816475],[18.639186391863944,43.01996985364268],[18.664386643866465,43.233201195753466],[18.898388983889873,43.35198107088901],[18.98838988389886,43.2732715150763],[18.991989919899225,43.26754718374447],[19.07119071190715,43.30904858590026],[18.905589055890573,43.49079610568597],[19.193591935919386,43.53229750784176],[19.48159481594817,43.56091916450093],[19.459994599946015,43.76270184394805],[19.240392403924062,43.953035860731504],[19.618396183961863,44.036038665043094],[19.175591755917566,44.2864781608108],[19.17919179191793,44.53834873941146],[19.35559355593557,44.896119447651046],[19.02248986302139,44.85584937334838]]]]}},{"type":"Feature","properties":{"zone":"ME"},"geometry":{"type":"MultiPolygon","coordinates":[[[[20.064800648006496,42.546281435933466],[20.02520025200255,42.7237357072203],[20.34560345603458,42.82677367119331],[19.927999279992832,43.11442132061792],[19.618396183961863,43.16880246827034],[19.193591935919386,43.53229750784176],[18.905589055890573,43.49079610568597],[19.07119071190715,43.30904858590026],[18.991989919899225,43.26754718374447],[18.98838988389886,43.2732715150763],[18.898388983889873,43.35198107088901],[18.664386643866465,43.233201195753466],[18.639186391863944,43.01996985364268],[18.45198451984521,42.992779279816475],[18.516785167851708,42.603524749251804],[18.437584375843784,42.5591611814301],[18.495184951849552,42.41605289813427],[18.653586535865372,42.45182996895822],[19.366393663936663,41.85220626194868],[19.378359635170227,42.07128850003624],[19.39982066860742,42.1044555517119],[19.28178498470286,42.180544670261945],[19.697596975969788,42.65504373123831],[19.819998199982024,42.46614079728781],[20.064800648006496,42.546281435933466]]]]}},{"type":"Feature","properties":{"zone":"MK"},"geometry":{"type":"MultiPolygon","coordinates":[[[[20.96480964809649,40.8490171960449],[21.209612096120992,40.869052355706316],[21.260012600126032,40.860465858708565],[21.429214292142944,40.90912267502914],[21.50841508415087,40.90053617803139],[21.764017640176434,40.92343350335872],[21.897218972189734,41.08085261498414],[22.206822068220703,41.16099325362981],[22.42282422824229,41.11519860297514],[22.660426604266064,41.17244191629348],[22.74675617551643,41.1523240715676],[22.750427504275052,41.31555019958931],[22.826028260282612,41.34130969058256],[22.91602916029163,41.33558535925073],[23.00963009630098,41.716253392817634],[22.844028440284433,42.01391862207298],[22.5308253082531,42.12840524870964],[22.343623436234395,42.31301493416126],[22.260822608226107,42.36882716464663],[21.562415624156273,42.24575404101222],[21.238412384123848,42.096921426384554],[21.09801098010982,42.19566614185868],[20.766807668076694,42.06400652122652],[20.748807488074902,41.9065874096011],[20.568805688056898,41.87367250444305],[20.442804428044298,41.55024778419447],[20.576005760057626,41.09373236048077],[20.766807668076694,40.8933807638666],[20.96480964809649,40.8490171960449]]]]}},{"type":"Feature","properties":{"zone":"AL"},"geometry":{"type":"MultiPolygon","coordinates":[[[[20.568805688056898,41.87367250444305],[20.500405004050066,42.211408053021216],[20.230402304023073,42.327325762490844],[20.064800648006496,42.546281435933466],[19.819998199982024,42.46614079728781],[19.697596975969788,42.65504373123831],[19.28178498470286,42.180544670261945],[19.39982066860742,42.1044555517119],[19.378359635170227,42.07128850003624],[19.366393663936663,41.85220626194868],[19.585995859958615,41.81786027395768],[19.56439564395646,41.58459377218547],[19.395193951939547,41.4014151695668],[19.517595175951783,41.25687580343802],[19.441994419944223,41.14382025963431],[19.50679506795069,40.90482942653027],[19.308793087930894,40.644372350931846],[19.477994779947807,40.45403833414839],[19.477994779947807,40.21361641821139],[19.855998559985608,40.05047297525414],[20.01800018000182,39.84439704730815],[20.0,39.69413334984752],[20.204167224504612,39.64823065325469],[20.392403924039257,39.8358105503104],[20.30960309603097,39.9903674962699],[20.640806408064094,40.090543294576975],[20.73800738007381,40.3094989680196],[21.036810368103687,40.64007910243298],[20.96480964809649,40.8490171960449],[20.766807668076694,40.8933807638666],[20.576005760057626,41.09373236048077],[20.442804428044298,41.55024778419447],[20.568805688056898,41.87367250444305]]]]}},{"type":"Feature","properties":{"zone":"XK"},"geometry":{"type":"MultiPolygon","coordinates":[[[[20.568805688056898,41.87367250444305],[20.748807488074902,41.9065874096011],[20.766807668076694,42.06400652122652],[21.09801098010982,42.19566614185868],[21.238412384123848,42.096921426384554],[21.562415624156273,42.24575404101222],[21.764017640176434,42.66935455956789],[21.378813788137904,42.74377086688172],[21.09081090810909,43.090092912457635],[20.83880838808389,43.17023355110331],[20.8208082080821,43.25752960391377],[20.597605976059782,43.18454437943289],[20.669606696066978,43.11012807211905],[20.34560345603458,42.82677367119331],[20.02520025200255,42.7237357072203],[20.064800648006496,42.546281435933466],[20.230402304023073,42.327325762490844],[20.500405004050066,42.211408053021216],[20.568805688056898,41.87367250444305]]]]}},{"type":"Feature","properties":{"zone":"IT-CNO"},"geometry":{"type":"MultiPolygon","coordinates":[[[[12.75312753127534,43.97307102039292],[12.634326343263467,43.842842482593724],[12.483124831248347,43.92870745257122],[12.479524795247983,43.91725878990755],[12.461524615246162,43.89579254741318],[12.429124291242942,43.8914992989143],[12.421924219242214,43.89579254741318],[12.285122851228522,43.768426175279885],[12.101521015210182,43.75840859544918],[11.716317163171652,43.87861955341768],[11.719917199172016,44.1319212148513],[11.525515255152584,44.16197395434342],[11.392313923139255,44.23209701315838],[11.201512015120187,44.1047306410251],[11.046710467104703,44.09185089552847],[10.611106111061133,44.12619688351947],[10.470704707047105,44.224941598993595],[10.254702547025488,44.270736249648266],[10.135901359013616,44.342290391296174],[9.837098370983739,44.476812177594255],[9.689496894968983,44.35803230245871],[10.027900279002807,44.04891841053971],[10.143101431014344,43.97450210322589],[10.261902619026216,43.81565190876751],[10.294302943029464,43.57952324132938],[10.546305463054665,43.14733622577597],[10.517505175051781,42.925518386667434],[10.704707047070485,42.94126029782997],[10.729907299073005,42.80387634586597],[10.989109891098934,42.71085596172368],[11.18711187111873,42.52052194494023],[11.093510935109379,42.403173152637635],[11.449914499145024,42.374551495978466],[11.586715867158688,42.566316595594884],[11.788317883178848,42.650750482739426],[11.7487174871749,42.79815201453414],[11.889118891188929,42.851102079353595],[12.033120331203321,42.64645723424056],[12.234722347223482,42.64788831707351],[12.465124651246526,42.3874312414751],[12.900729007290096,42.60924908058364],[13.152731527315296,42.64502615140759],[13.195931959319608,42.73518436988397],[13.336333363333665,42.687958636396345],[13.530735307353098,42.80816959436484],[13.905139051390535,42.901189978507134],[13.854738547385494,43.0671955871303],[13.617136171361722,43.56091916450093],[13.177931779317817,43.75125318128438],[12.75312753127534,43.97307102039292]]],[[[10.44190441904422,42.84537774802176],[10.107101071010732,42.7580816952113],[10.431104311043129,42.72230462438735],[10.44190441904422,42.84537774802176]]]]}},{"type":"Feature","properties":{"zone":"IT-CSO"},"geometry":{"type":"MultiPolygon","coordinates":[[[[11.449914499145024,42.374551495978466],[11.741517415174172,42.159889071034726],[12.148321483214858,41.903725243935185],[12.238322383223846,41.73628855247905],[12.634326343263467,41.447209820221474],[12.774727747277495,41.42145032922822],[13.044730447304488,41.226823063945886],[13.325533255332573,41.29551503992789],[13.57393573935741,41.208218987117434],[13.743137431374322,41.238271726609554],[14.009540095400979,40.936313248855356],[14.041940419404227,40.79606713122543],[14.293942939429428,40.83899961621418],[14.470344703447068,40.62433719127043],[14.751147511475125,40.6772872560899],[14.99954999549999,40.39822610366302],[14.909549095490974,40.242238074870556],[15.12555125551259,40.16925285038968],[15.341553415534179,40.00467832459948],[15.647556475564784,40.04761080958822],[15.784357843578448,40.269428648696774],[15.59355593555938,40.434003174486975],[15.345153451534543,40.82039553938573],[15.54315543155434,40.94346866302014],[15.557555575555767,41.055093123990886],[15.20835208352085,41.149544590966144],[14.995949959499626,41.48155580821248],[14.51354513545138,41.388535424070184],[14.383943839438416,41.44148548888964],[13.962739627396303,41.47010714554881],[13.944739447394483,41.68763173615848],[14.18594185941862,41.770634540470056],[14.229142291422932,41.87796575294193],[14.491944919449224,41.77635887180189],[14.761947619476217,42.0783173495561],[14.257942579425816,42.44610563762639],[14.149941499415007,42.53197060760388],[13.905139051390535,42.901189978507134],[13.530735307353098,42.80816959436484],[13.336333363333665,42.687958636396345],[13.195931959319608,42.73518436988397],[13.152731527315296,42.64502615140759],[12.900729007290096,42.60924908058364],[12.465124651246526,42.3874312414751],[12.234722347223482,42.64788831707351],[12.033120331203321,42.64645723424056],[11.889118891188929,42.851102079353595],[11.7487174871749,42.79815201453414],[11.788317883178848,42.650750482739426],[11.586715867158688,42.566316595594884],[11.449914499145024,42.374551495978466]]]]}},{"type":"Feature","properties":{"zone":"IT-SO"},"geometry":{"type":"MultiPolygon","coordinates":[[[[15.647556475564784,40.04761080958822],[15.7447574475745,39.92453768595381],[15.867158671586736,39.56390481204831],[15.9967599675997,39.43940060558094],[16.09756097560978,39.05014607501627],[16.21276212762129,38.809724159079266],[15.84555845558458,38.6608915444516],[15.913959139591412,38.5063345984921],[15.787957879578812,38.27736134521878],[15.651156511565148,38.24158427439481],[15.665556655566576,37.966816370466816],[16.090360903609053,37.949643376471315],[16.169561695616977,38.142839558920684],[16.5727657276573,38.46769536200223],[16.54036540365405,38.72385918910177],[16.89316893168933,38.929935117047776],[17.105571055710584,38.89845129472269],[17.206372063720664,39.030110915354854],[17.123571235712376,39.121700216664195],[17.15957159571599,39.40648570042289],[16.51516515165153,39.68984010134865],[16.48996489964901,39.805757810818264],[16.64116641166413,40.119164951236144],[16.864368643686447,40.39107068949822],[17.047970479704816,40.518437061631516],[17.51237512375127,40.30377463668776],[17.76437764377647,40.29375705685706],[17.911979119791226,40.25511782036719],[18.070380703807047,39.91165794045719],[18.36918369183695,39.79717131382051],[18.516785167851708,40.114871702737275],[18.437584375843784,40.26799756586381],[18.09918099180993,40.518437061631516],[18.00558005580058,40.65009668226368],[17.39357393573937,40.8933807638666],[17.058770587705908,41.082283697817104],[16.543965439654414,41.23540956094364],[15.97155971559718,41.45436523438626],[15.924759247592505,41.640406002670844],[16.191161911619133,41.790669700131474],[16.025560255602585,41.94379556325802],[15.445954459544623,41.9065874096011],[15.143551435514382,41.93091581776139],[14.761947619476217,42.0783173495561],[14.491944919449224,41.77635887180189],[14.229142291422932,41.87796575294193],[14.18594185941862,41.770634540470056],[13.944739447394483,41.68763173615848],[13.962739627396303,41.47010714554881],[14.383943839438416,41.44148548888964],[14.51354513545138,41.388535424070184],[14.995949959499626,41.48155580821248],[15.20835208352085,41.149544590966144],[15.557555575555767,41.055093123990886],[15.54315543155434,40.94346866302014],[15.345153451534543,40.82039553938573],[15.59355593555938,40.434003174486975],[15.784357843578448,40.269428648696774],[15.647556475564784,40.04761080958822]]]]}},{"type":"Feature","properties":{"zone":"IT-SAR"},"geometry":{"type":"MultiPolygon","coordinates":[[[[8.609486094860983,38.95426352520806],[8.854288542885456,38.87841613506127],[9.01629016290164,38.99004059603202],[9.077490774907773,39.211858435140556],[9.556295562955654,39.14030429349265],[9.732697326973295,40.08338788041219],[9.62829628296285,40.225065080875055],[9.826298262982647,40.51986814446448],[9.513095130951342,41.016453887501015],[9.567095670956746,41.119491851474024],[9.232292322923257,41.262600134769855],[8.811088110881144,40.940606497354224],[8.519485194851967,40.827550953550514],[8.231482314823182,40.910553757862104],[8.134281342813466,40.72880623807639],[8.163081630816322,40.56423171228619],[8.310683106831078,40.57854254061577],[8.393483934839367,40.412536931992605],[8.490684906849083,40.10485412290656],[8.39708397083973,39.905933609125356],[8.544685446854487,39.87874303529914],[8.548285482854851,39.6984265983464],[8.44748447484477,39.762825325829525],[8.39708397083973,39.44655601974573],[8.37188371883721,39.23046251196902],[8.609486094860983,38.95426352520806]]]]}},{"type":"Feature","properties":{"zone":"IT-SIC"},"geometry":{"type":"MultiPolygon","coordinates":[[[[12.893528935289368,37.57326859140328],[13.174331743317452,37.48740362142577],[13.451534515345173,37.29850068747528],[13.894338943389442,37.10101125652703],[14.038340383403863,37.11389100202365],[14.333543335433376,37.00083545821994],[14.48834488344886,36.793328447440985],[14.779947799478009,36.69887698046574],[14.99954999549999,36.70173914613166],[15.17595175951763,36.943592144901615],[15.330753307533087,37.012284120883606],[15.093150931509342,37.35860616645952],[15.25875258752589,37.807966176008435],[15.582755827558287,38.24015319156186],[15.514355143551455,38.2973965048802],[15.089550895508978,38.128528730591114],[14.90594905949061,38.1872031267424],[14.635946359463617,38.08130299710348],[14.178741787417891,38.025490766618105],[13.789937899379026,37.9739717846316],[13.39033390333907,38.10276923959786],[13.318333183331845,38.22011803190044],[13.102331023310256,38.19006529240832],[12.976329763297656,38.04409484344657],[12.724327243272455,38.1256665649252],[12.504725047250503,38.01117993828852],[12.429124291242942,37.8093972588414],[12.659526595265987,37.564682094405526],[12.893528935289368,37.57326859140328]]]]}},{"type":"Feature","properties":{"zone":"MT"},"geometry":{"type":"MultiPolygon","coordinates":[[[[14.549545495454964,35.89031517984428],[14.322743227432284,35.97331798415587],[14.359578890301739,35.861452560730484],[14.527945279452808,35.80158804420087],[14.549545495454964,35.89031517984428]]]]}}]}